201503191.jpg,5,81,200,35,35,0.100001976
201503191.jpg,5,123,209,58,73,0.4391318
201503191.jpg,3,123,209,58,73,0.29655302
201611238.jpg,9,96,170,202,126,0.15951908
201611238.jpg,9,230,85,51,96,0.18990484
201611238.jpg,9,173,164,31,110,0.7088287
201611238.jpg,9,236,114,27,77,0.9050349
201611238.jpg,5,276,9,70,172,0.2574157
201611238.jpg,3,173,164,31,110,0.10284387
201511263.jpg,13,159,2,241,112,0.15457685
201511263.jpg,5,204,0,39,64,0.27174067
200809111.jpg,9,352,271,27,35,0.102041945
200809111.jpg,9,398,262,73,63,0.2069928
200809111.jpg,8,402,258,72,94,0.10973231
200809111.jpg,5,299,280,64,130,0.11063754
200809111.jpg,5,327,296,43,79,0.17992893
200809111.jpg,5,285,252,61,134,0.18573184
200809111.jpg,5,289,279,47,53,0.24384901
200809111.jpg,5,398,263,73,67,0.30609992
200809111.jpg,5,323,255,53,167,0.3947393
200809111.jpg,3,213,365,40,43,0.13124618
200809111.jpg,3,289,279,47,53,0.1689689
200811296.jpg,5,128,234,57,91,0.17635064
200811296.jpg,5,181,313,110,155,0.3462728
200811296.jpg,5,100,121,107,257,0.627028
200811296.jpg,5,444,86,104,229,0.6861055
200907234.jpg,5,8,91,367,159,0.16444108
200907234.jpg,3,8,91,367,159,0.5749593
2013071825.jpg,3,97,50,198,191,0.28226778
201010301.jpg,5,78,0,256,289,0.65187925
2008120645.jpg,5,403,219,128,204,0.16018571
2008120645.jpg,2,401,240,114,159,0.40205625
201209052.jpg,13,538,165,72,185,0.1400585
201209052.jpg,9,418,102,46,21,0.42577732
201209052.jpg,7,418,102,46,21,0.15201586
201209052.jpg,6,280,84,48,29,0.12916446
201209052.jpg,5,316,312,54,91,0.11548948
201209052.jpg,5,28,397,64,59,0.14314462
201209052.jpg,5,63,0,69,114,0.20579614
201209052.jpg,5,58,32,74,43,0.3038796
201209052.jpg,5,358,247,24,41,0.33258218
201209052.jpg,5,309,235,56,97,0.5232534
201209052.jpg,5,261,293,66,74,0.5690269
201209052.jpg,5,269,351,61,90,0.74474555
201209052.jpg,4,538,165,72,185,0.11869411
201209052.jpg,3,28,397,64,59,0.10109334
201209052.jpg,3,326,181,25,38,0.101428576
201209052.jpg,3,261,293,66,74,0.14013615
201209052.jpg,3,170,78,51,17,0.15034395
201209052.jpg,3,359,237,22,53,0.20876104
201209052.jpg,3,334,302,31,28,0.24688654
201209052.jpg,3,418,102,46,21,0.3602164
201209052.jpg,2,58,32,74,43,0.11229904
201209052.jpg,2,63,0,69,114,0.12800604
201604274.jpg,5,20,74,380,226,0.93975496
201604274.jpg,3,287,0,44,202,0.13908719
201604274.jpg,3,63,75,311,224,0.23162971
201604274.jpg,3,241,6,127,139,0.25024155
200811266.jpg,9,444,27,356,435,0.108375125
200811266.jpg,5,213,259,106,130,0.15789102
201307016.jpg,4,8,64,39,56,0.1020767
201307016.jpg,2,36,180,39,27,0.11580187
201307016.jpg,2,175,182,23,47,0.15177724
201101262.jpg,5,433,280,71,99,0.14254357
201101262.jpg,5,547,144,91,252,0.669831
201101262.jpg,3,433,280,71,99,0.14107145
201101262.jpg,2,57,130,44,69,0.19870488
200909105.jpg,5,0,50,400,250,0.45377156
200909105.jpg,3,0,50,400,250,0.24894994
2015061617.jpg,5,13,51,387,249,0.97904956
201506261.jpg,5,106,34,243,266,0.8253135
201804171.jpg,9,155,29,65,174,0.18571688
201804171.jpg,9,74,126,296,101,0.24763113
201804171.jpg,9,151,97,98,158,0.25502092
201606304.jpg,9,124,69,143,231,0.19190246
201606304.jpg,5,124,69,143,231,0.83808166
201802287.jpg,6,227,183,66,77,0.10617449
201802287.jpg,6,234,134,65,89,0.15244834
201802287.jpg,4,109,111,169,130,0.22243191
2009070229.jpg,2,207,42,44,106,0.13833869
201405301.jpg,9,155,117,208,127,0.1362717
201405301.jpg,5,181,65,60,44,0.19213134
201405301.jpg,3,171,62,76,66,0.30395415
201401026.jpg,9,106,151,21,23,0.20183206
201401026.jpg,8,106,156,21,25,0.14797169
201401026.jpg,7,216,222,34,18,0.14215899
201401026.jpg,5,130,125,33,66,0.17621927
201401026.jpg,5,154,195,33,53,0.22229895
201401026.jpg,5,141,173,57,118,0.84919393
201401026.jpg,3,216,222,34,18,0.31613913
201407081.jpg,13,265,122,59,113,0.13518728
201407081.jpg,9,176,130,36,19,0.16281353
201407081.jpg,8,274,140,42,74,0.12384315
201407081.jpg,8,117,117,52,109,0.17722616
201407081.jpg,5,199,97,73,150,0.19630732
201407081.jpg,5,175,131,41,55,0.22695923
201407081.jpg,5,274,140,42,74,0.3112059
201407081.jpg,4,265,122,59,113,0.12388253
201407081.jpg,4,199,97,73,150,0.15323111
201407081.jpg,4,117,117,52,109,0.24167249
201407081.jpg,3,176,130,36,19,0.15327814
201607143.jpg,5,0,29,300,371,0.7295436
201009292.jpg,9,30,141,39,30,0.24666639
201009292.jpg,9,58,129,42,19,0.2955713
201009292.jpg,6,30,141,39,30,0.116873585
201009292.jpg,5,31,143,35,37,0.12531267
201009292.jpg,4,217,180,60,109,0.26915458
201009292.jpg,1,210,192,69,83,0.11978185
2009081816.jpg,6,76,86,256,180,0.47600162
2016071917.jpg,3,254,187,48,46,0.10230909
2016071917.jpg,3,178,161,77,68,0.3236163
2016071917.jpg,3,203,164,29,61,0.51751953
201405062.jpg,9,258,185,74,115,0.18098004
201507015.jpg,9,41,132,220,147,0.22443885
201507015.jpg,9,159,162,61,126,0.23856898
201507015.jpg,9,154,166,75,56,0.34331283
201507081.jpg,5,89,190,48,57,0.1103761
201507081.jpg,5,188,87,51,146,0.17790703
201507081.jpg,5,108,123,82,129,0.38497862
2010082523.jpg,9,303,187,35,27,0.25909397
2010082523.jpg,8,297,241,63,55,0.14334267
2010082523.jpg,8,212,167,34,42,0.69407517
2010082523.jpg,6,135,112,48,48,0.1294613
2010082523.jpg,6,192,105,33,53,0.20425013
2010082523.jpg,5,296,138,34,59,0.17874087
2010082523.jpg,5,212,167,34,42,0.19759983
2010082523.jpg,5,192,105,33,53,0.2267805
2010082523.jpg,5,304,188,35,43,0.82020545
201507315.jpg,5,29,52,272,147,0.8656906
201109227.jpg,9,98,224,52,29,0.20972346
201109227.jpg,9,144,307,59,38,0.3029919
201109227.jpg,5,69,184,21,87,0.12050392
201109227.jpg,5,144,307,59,38,0.3173376
201110012.jpg,6,16,47,70,85,0.116923
201110012.jpg,3,111,84,14,14,0.13398807
2008120632.jpg,5,176,195,47,69,0.2410456
2008120632.jpg,3,272,102,41,45,0.10968001
201706012.jpg,3,121,132,29,26,0.1029737
201706012.jpg,3,315,34,54,188,0.11026331
201706012.jpg,3,193,92,76,130,0.76474965
2010081811.jpg,9,278,200,50,49,0.1223875
2010081811.jpg,8,56,144,34,22,0.107148
2010081811.jpg,5,274,203,58,52,0.13030991
2010081811.jpg,5,93,167,67,133,0.3190518
2010081811.jpg,4,93,167,67,133,0.42524883
2010081811.jpg,3,274,203,58,52,0.5381507
201106233.jpg,9,128,38,106,185,0.16780493
201106233.jpg,5,0,65,23,68,0.10008451
201106233.jpg,5,53,77,32,39,0.13209671
201106233.jpg,5,94,54,42,141,0.343567
201106233.jpg,5,128,38,106,185,0.3927487
201106233.jpg,5,187,95,126,197,0.42457324
201106233.jpg,3,48,80,40,28,0.22623625
20090625.jpg,5,175,169,41,46,0.21493353
20090625.jpg,5,158,138,45,66,0.32790953
20130408.jpg,9,165,229,61,48,0.10691696
20130408.jpg,9,195,168,66,132,0.14903256
20130408.jpg,9,273,158,34,130,0.15937245
20130408.jpg,9,8,214,49,86,0.1718061
20130408.jpg,9,180,170,35,130,0.3508119
20130408.jpg,9,79,211,65,58,0.3820908
20130408.jpg,9,158,194,45,31,0.39320454
20130408.jpg,9,226,159,52,141,0.5825103
20130408.jpg,9,89,192,40,107,0.62222254
20130408.jpg,9,205,122,34,20,0.6762194
20130408.jpg,9,237,148,58,55,0.8044307
20130408.jpg,5,5,233,59,66,0.118960135
20130408.jpg,5,158,194,45,31,0.20257744
20130408.jpg,5,237,148,58,55,0.4201434
20130408.jpg,3,158,194,45,31,0.121124394
20130408.jpg,3,89,192,40,107,0.18538556
201704122.jpg,5,71,107,242,126,0.42288384
201704122.jpg,3,71,107,242,126,0.74003714
2009041538.jpg,9,40,66,275,162,0.15047356
2009041538.jpg,3,105,133,133,167,0.18669975
200811058.jpg,6,217,370,99,100,0.44609085
200811058.jpg,5,7,344,80,110,0.10226277
200811058.jpg,5,556,253,46,53,0.113243505
200811058.jpg,5,255,229,50,44,0.15917957
200811058.jpg,5,342,280,35,38,0.2597875
200811058.jpg,4,168,355,54,49,0.21967396
200811058.jpg,4,255,229,50,44,0.32842186
201403246.jpg,5,210,240,19,30,0.33316192
201806304.jpg,6,29,69,71,174,0.18829735
201806304.jpg,5,98,90,56,210,0.1771582
201806304.jpg,5,254,106,70,92,0.29372957
201806304.jpg,5,200,124,53,61,0.32151523
201806304.jpg,5,19,121,219,166,0.47721723
201806304.jpg,4,254,106,70,92,0.19870207
201210174.jpg,13,92,133,200,145,0.2993269
201210174.jpg,5,308,116,25,26,0.22956374
201210174.jpg,5,92,133,200,145,0.57472587
201210174.jpg,5,360,96,40,70,0.7903246
201210174.jpg,3,308,116,25,26,0.2987356
201806283.jpg,9,17,47,101,30,0.12031319
201806283.jpg,5,17,47,101,30,0.1333597
201806283.jpg,5,45,162,73,59,0.22982027
201501202.jpg,13,146,75,53,132,0.34161067
201501202.jpg,9,152,97,40,54,0.1895592
201501202.jpg,5,152,97,40,54,0.1330226
201501202.jpg,5,146,75,53,132,0.46697432
200811224.jpg,5,187,152,24,40,0.10606608
200811224.jpg,5,470,297,80,183,0.2798207
200811224.jpg,5,359,211,132,269,0.28303802
200811224.jpg,5,167,38,48,83,0.30304757
200811224.jpg,3,249,202,75,116,0.31092432
201403064.jpg,6,0,196,232,97,0.12658848
201403064.jpg,6,69,161,77,139,0.18644439
201403064.jpg,5,160,158,20,26,0.22220834
201403064.jpg,5,353,0,37,51,0.24010219
201403064.jpg,5,305,185,41,44,0.31279573
201403064.jpg,3,160,158,20,26,0.17983773
201007222.jpg,9,73,186,66,75,0.2713547
201007222.jpg,6,331,228,309,195,0.18566701
201705189.jpg,8,10,61,371,187,0.11904254
201705189.jpg,6,10,61,371,187,0.2371071
201708314.jpg,5,97,0,38,49,0.122013316
201805253.jpg,13,18,57,317,206,0.2215984
201805253.jpg,5,327,248,61,52,0.17029205
201805253.jpg,5,208,4,64,34,0.18980381
201805253.jpg,5,18,57,317,206,0.2727523
201805253.jpg,3,332,243,48,57,0.10325362
201805253.jpg,3,18,57,317,206,0.33079913
201805253.jpg,2,292,198,80,98,0.11882046
2011092816.jpg,9,103,103,193,154,0.63191473
2011092816.jpg,3,103,103,193,154,0.22423084
201508145.jpg,5,0,0,400,300,0.46938092
201508145.jpg,3,58,0,324,300,0.23576866
2010081110.jpg,9,128,152,50,48,0.25174725
2010081110.jpg,4,0,123,56,133,0.51114726
2010081110.jpg,3,128,152,50,48,0.13975792
201005216.jpg,5,123,134,37,88,0.106442444
201005216.jpg,5,257,139,55,101,0.20931058
201005216.jpg,5,185,132,25,108,0.25636083
201005216.jpg,5,114,117,50,123,0.2729929
201005216.jpg,5,229,121,91,102,0.50445676
201005216.jpg,3,209,58,37,77,0.111208886
201005216.jpg,3,290,103,30,45,0.19097641
2015070315.jpg,5,136,111,65,183,0.12211816
2015070315.jpg,5,39,106,71,140,0.48470774
2015070315.jpg,5,148,103,69,123,0.65816116
2015070315.jpg,4,39,106,71,140,0.15704088
200812043.jpg,5,195,365,70,51,0.12358571
200812043.jpg,5,582,312,31,33,0.3008936
200812043.jpg,5,105,359,61,67,0.66650295
20120926.jpg,9,124,64,222,186,0.23009838
20110627.jpg,11,98,117,135,125,0.6414616
20110627.jpg,9,225,179,45,56,0.25709787
20110627.jpg,5,225,179,45,56,0.4338629
20110627.jpg,5,6,160,71,125,0.4935579
20110627.jpg,5,213,163,68,100,0.7355907
20110627.jpg,4,98,117,135,125,0.51814485
2012091117.jpg,9,75,59,247,194,0.6897722
2012091117.jpg,9,167,107,60,97,0.7430213
2012091117.jpg,5,74,42,252,258,0.10441895
201605018.jpg,9,348,91,37,19,0.15149869
201605018.jpg,9,343,119,47,51,0.2158351
201605018.jpg,8,343,119,47,51,0.189171
201605018.jpg,5,125,74,211,166,0.50606614
201605018.jpg,4,294,56,46,41,0.11380877
201605018.jpg,3,125,74,211,166,0.1991048
201605018.jpg,3,348,91,37,19,0.27685568
20130422.jpg,5,114,179,22,22,0.1160097
20130422.jpg,5,10,0,48,34,0.12825342
20130422.jpg,5,208,164,49,41,0.21537022
20130422.jpg,5,235,103,97,112,0.38722688
20130422.jpg,5,72,85,37,63,0.7236911
20130422.jpg,5,20,101,34,51,0.82573265
20130422.jpg,4,189,158,67,111,0.1042429
20130422.jpg,4,166,130,58,99,0.22625564
20130422.jpg,4,235,103,97,112,0.6123417
20130422.jpg,3,0,127,9,25,0.20327245
20130422.jpg,3,114,179,22,22,0.38481647
20130422.jpg,2,102,197,23,23,0.121796
20130422.jpg,2,139,223,15,18,0.12225945
201708037.jpg,8,153,66,113,176,0.121415146
201708037.jpg,4,153,66,113,176,0.17137462
201708037.jpg,4,226,55,86,194,0.18485984
201708037.jpg,4,69,0,269,300,0.36904722
201708037.jpg,3,69,0,269,300,0.1262938
201504231.jpg,5,221,151,12,37,0.10110283
2014092911.jpg,9,139,105,74,104,0.7834786
2014092911.jpg,5,139,105,74,104,0.6383459
2014092911.jpg,3,139,105,74,104,0.27607435
201803086.jpg,5,0,74,204,187,0.21787678
201803086.jpg,5,152,105,248,195,0.23164667
201803086.jpg,3,0,74,204,187,0.15776354
201803086.jpg,3,69,101,292,193,0.16159208
201803086.jpg,3,152,105,248,195,0.53153163
201309021.jpg,5,170,210,45,28,0.3000059
2016050220.jpg,5,316,40,35,30,0.12776785
2016050220.jpg,5,234,149,145,151,0.13302298
2016050220.jpg,5,113,54,142,246,0.13905905
2016050220.jpg,5,47,145,115,151,0.14973022
2016050220.jpg,5,31,16,63,199,0.1968687
2016050220.jpg,5,236,0,94,177,0.28366095
2016050220.jpg,5,89,0,89,108,0.41047814
2016050220.jpg,5,144,95,84,192,0.6587924
201405134.jpg,9,349,0,43,39,0.10756037
201405134.jpg,9,118,98,48,98,0.15902936
201405134.jpg,9,250,48,77,43,0.24757004
201405134.jpg,9,256,142,55,91,0.6155927
201405134.jpg,9,174,101,39,111,0.79821026
201405134.jpg,9,37,130,62,92,0.8273443
201205171.jpg,5,207,76,54,36,0.1259637
201205171.jpg,5,169,70,39,125,0.12993643
201205171.jpg,5,95,78,32,30,0.15880664
201205171.jpg,5,145,77,55,33,0.41884825
201205171.jpg,5,203,63,65,125,0.6271497
201205171.jpg,5,7,133,385,167,0.8319057
2009042921.jpg,13,0,0,205,286,0.16065764
2009042921.jpg,5,141,51,22,148,0.11815782
2009042921.jpg,5,0,12,186,232,0.17567436
201506187.jpg,5,202,143,68,84,0.1421787
201506187.jpg,5,124,105,235,195,0.7136977
201506187.jpg,3,202,143,68,84,0.33158305
201405054.jpg,9,130,145,191,133,0.10198436
201405054.jpg,9,151,110,47,87,0.14949708
201405054.jpg,9,141,34,51,127,0.5823137
201405054.jpg,9,200,132,34,87,0.65523064
201405054.jpg,9,165,0,59,85,0.6679445
201405054.jpg,9,169,102,42,107,0.768972
201405054.jpg,9,198,155,42,131,0.9050569
2008120715.jpg,13,27,0,210,240,0.22081514
2008120715.jpg,13,89,0,102,143,0.26754513
2008120715.jpg,5,27,0,210,240,0.11765089
20121212.jpg,6,128,96,93,120,0.2607381
20121212.jpg,4,91,78,174,138,0.14122277
201703306.jpg,5,45,0,323,300,0.8752453
201703306.jpg,3,45,0,323,300,0.25703353
201605121.jpg,5,272,10,48,52,0.17095354
201605121.jpg,5,328,0,44,93,0.44342312
201605121.jpg,3,96,155,296,107,0.19650608
201605121.jpg,3,120,121,117,72,0.22261886
201605121.jpg,3,186,156,108,102,0.2488014
201506011.jpg,4,6,84,289,297,0.8258334
2016050516.jpg,13,53,83,96,184,0.10225344
2016050516.jpg,8,0,249,73,151,0.124543495
2016050516.jpg,8,194,114,57,120,0.16872911
2016050516.jpg,8,202,135,42,58,0.32939678
2016050516.jpg,5,194,114,57,120,0.14332364
2016050516.jpg,4,54,85,106,182,0.10813021
2016050516.jpg,4,0,249,73,151,0.15663649
2016050516.jpg,4,189,195,34,52,0.16783367
2016050516.jpg,4,202,135,42,58,0.28143615
2016050516.jpg,4,194,114,57,120,0.6845621
200904288.jpg,6,172,194,68,53,0.12850879
201312169.jpg,5,310,253,35,28,0.20011765
201312169.jpg,5,0,37,260,263,0.52048385
201312169.jpg,3,310,253,35,28,0.16803227
201312169.jpg,3,364,88,36,42,0.17543468
201312169.jpg,3,246,205,32,31,0.17903024
2014010817.jpg,9,71,88,326,123,0.104086645
2014010817.jpg,7,185,82,81,141,0.3103326
2014010817.jpg,5,140,97,198,203,0.11272931
2014010817.jpg,5,135,38,60,109,0.15772252
2014010817.jpg,3,71,88,326,123,0.21133178
2014010817.jpg,3,185,82,81,141,0.51394063
2014010817.jpg,3,135,38,60,109,0.53680855
2010093016.jpg,9,165,71,179,107,0.35501832
2010093016.jpg,9,218,32,68,186,0.528322
2010093016.jpg,6,351,103,42,74,0.17914812
2010093016.jpg,5,351,103,42,74,0.1931196
2017062613.jpg,5,1,105,27,34,0.2946235
201711301.jpg,8,92,140,45,107,0.1136075
201711301.jpg,5,144,83,56,178,0.18508025
201711301.jpg,5,92,140,45,107,0.24315852
201711301.jpg,5,94,165,39,53,0.31391376
201504094.jpg,6,250,173,87,89,0.11329535
201504094.jpg,6,46,178,71,94,0.11424373
201611166.jpg,9,165,74,91,42,0.118947744
201611166.jpg,9,91,72,69,37,0.20876405
201611166.jpg,6,165,74,91,42,0.15924084
201205221.jpg,9,146,130,87,160,0.1399142
201205221.jpg,9,237,105,53,147,0.6314085
201510051.jpg,8,67,143,67,157,0.15290187
201510051.jpg,6,228,165,47,119,0.27902457
201510051.jpg,5,228,165,47,119,0.15531224
201510051.jpg,5,212,247,27,47,0.22512871
201510051.jpg,5,215,175,23,70,0.60103136
201510051.jpg,4,67,143,67,157,0.35023767
201510051.jpg,3,327,261,20,17,0.111066274
201510051.jpg,3,193,213,20,18,0.15513648
201510051.jpg,3,207,254,42,32,0.2928934
201509113.jpg,6,169,117,24,21,0.21318734
201509113.jpg,3,5,149,27,31,0.15032652
200907232.jpg,13,251,126,26,50,0.16645223
200907232.jpg,5,123,42,17,27,0.117209196
200907232.jpg,5,34,174,43,50,0.120314024
200907232.jpg,5,31,179,34,28,0.27579105
200907232.jpg,5,251,126,26,50,0.7757198
200907232.jpg,3,31,179,34,28,0.41836238
201010216.jpg,5,286,146,39,21,0.23925789
201010216.jpg,4,286,146,39,21,0.32686198
201010216.jpg,3,286,146,39,21,0.20716235
201109233.jpg,5,130,262,46,38,0.25331894
201109233.jpg,5,53,151,34,46,0.49903074
201109233.jpg,5,296,237,43,50,0.78060913
201504204.jpg,9,164,151,64,117,0.1738713
201504204.jpg,9,125,98,71,31,0.25272238
201504204.jpg,9,130,93,55,100,0.28710842
201504204.jpg,9,129,66,150,234,0.42340317
201504204.jpg,2,58,154,27,20,0.13235654
20090818.jpg,9,0,265,225,318,0.1512971
20090818.jpg,5,225,412,146,127,0.12481961
2010110514.jpg,5,63,262,52,36,0.18469866
2010110514.jpg,5,339,165,40,38,0.3233975
2010110514.jpg,3,339,165,40,38,0.18056747
200807182.jpg,5,512,157,16,32,0.1582497
200807182.jpg,5,268,246,51,57,0.47140604
200807182.jpg,4,512,157,16,32,0.22076052
201111014.jpg,5,491,366,77,114,0.18592182
201111014.jpg,5,462,366,49,80,0.2197005
201111014.jpg,4,94,372,69,59,0.16255039
201111014.jpg,2,87,304,41,79,0.11303992
201008248.jpg,8,124,36,168,155,0.7687724
201008248.jpg,4,122,58,169,173,0.2942488
201111041.jpg,9,296,143,42,41,0.12673551
201111041.jpg,8,194,135,48,194,0.3576346
201111041.jpg,5,264,343,43,63,0.1470919
201111041.jpg,5,194,135,48,194,0.24649356
201111041.jpg,3,296,143,42,41,0.10287907
201111041.jpg,3,260,354,43,41,0.20672698
201111012.jpg,6,1,110,155,392,0.12589042
201111012.jpg,6,358,264,122,188,0.14031993
201111012.jpg,5,27,486,53,55,0.3447448
201111012.jpg,5,218,472,63,168,0.6299233
201111012.jpg,3,202,316,107,131,0.14442888
201111012.jpg,3,218,472,63,168,0.19212355
201803152.jpg,5,11,0,54,47,0.22505547
20130702.jpg,5,266,1,48,184,0.1020818
20130702.jpg,5,213,19,149,135,0.14718437
20130702.jpg,5,108,73,252,203,0.2381514
20130702.jpg,4,0,0,400,300,0.24675308
20130702.jpg,2,266,1,48,184,0.15226577
2010080414.jpg,6,278,227,39,29,0.10965271
2010080414.jpg,5,254,207,44,29,0.15733774
2010080414.jpg,3,254,207,44,29,0.1104637
2017062310.jpg,9,326,62,66,38,0.106357455
2017062310.jpg,9,125,88,82,137,0.38907775
2017062310.jpg,9,0,74,400,133,0.8487955
2017062310.jpg,6,220,42,84,161,0.15749162
2017062310.jpg,6,245,23,85,207,0.31384513
2017062310.jpg,3,125,88,82,137,0.75667125
201607141.jpg,5,122,242,45,80,0.75690717
201607141.jpg,3,122,242,45,80,0.8316313
201702201.jpg,5,73,87,47,44,0.19823249
201702201.jpg,5,4,0,389,300,0.40733063
201702201.jpg,3,4,0,389,300,0.16277216
2008112336.jpg,9,41,542,60,56,0.20986103
2008112336.jpg,5,41,542,60,56,0.103581205
2008112336.jpg,5,126,231,143,298,0.116513215
2008112336.jpg,5,442,148,94,225,0.12586515
2008112336.jpg,4,126,231,143,298,0.10155583
2008112336.jpg,3,41,542,60,56,0.14505263
201405136.jpg,5,33,0,318,300,0.77475506
201405136.jpg,3,33,0,318,300,0.57062334
2018022810.jpg,9,86,30,194,266,0.16971947
2018022810.jpg,5,118,36,143,255,0.40137094
200908191.jpg,6,103,183,150,96,0.14415805
2009070236.jpg,7,169,0,59,60,0.11428546
2009070236.jpg,5,105,34,129,176,0.10959529
2009070236.jpg,5,178,59,24,31,0.29012465
2009070236.jpg,5,0,84,209,156,0.68497646
2009070236.jpg,5,263,135,34,38,0.96775043
2009070236.jpg,3,178,68,31,18,0.4893366
201608211.jpg,13,54,39,290,212,0.43528432
201608211.jpg,9,85,32,275,222,0.20770444
201606042.jpg,5,151,0,147,300,0.4865984
201606042.jpg,5,57,0,334,300,0.70312804
201208302.jpg,5,192,105,81,107,0.12300127
201208302.jpg,4,26,213,57,87,0.3074546
200812107.jpg,13,0,12,480,605,0.89528084
200812107.jpg,5,0,0,480,520,0.80615526
200812107.jpg,3,0,0,480,594,0.11449516
201505191.jpg,5,10,76,125,183,0.52790093
201505191.jpg,5,250,76,121,224,0.62655675
201505191.jpg,5,124,89,93,198,0.8929656
20110429.jpg,13,114,94,101,135,0.21418834
20110429.jpg,13,66,64,200,208,0.27221113
20110429.jpg,13,261,65,137,183,0.49308375
20110429.jpg,9,261,65,137,183,0.33353862
201808012.jpg,7,0,203,55,127,0.12303461
201808012.jpg,5,74,132,45,176,0.22655353
201808012.jpg,5,120,9,42,151,0.27019715
201808012.jpg,5,0,121,231,200,0.295596
201808012.jpg,5,120,242,43,135,0.31181464
201808012.jpg,5,0,203,55,127,0.31237715
201808012.jpg,3,74,132,45,176,0.14864068
201808012.jpg,3,120,9,42,151,0.24400967
201808012.jpg,3,120,242,43,135,0.751793
201008242.jpg,6,194,0,34,50,0.1273937
201008242.jpg,6,85,41,62,111,0.13327439
201008242.jpg,6,339,24,54,54,0.13763742
201008242.jpg,6,57,110,48,39,0.14164014
201008242.jpg,6,84,123,72,49,0.2898409
201008242.jpg,5,263,0,36,34,0.11207194
201008242.jpg,5,62,163,152,130,0.23757952
201008242.jpg,5,194,0,34,50,0.29760435
201607268.jpg,11,33,72,336,177,0.540137
201607268.jpg,5,120,226,90,74,0.11322247
201607268.jpg,4,121,106,197,148,0.6268996
2010090811.jpg,5,453,419,69,61,0.38896045
201702223.jpg,9,97,0,267,300,0.12391467
201702223.jpg,5,97,0,267,300,0.34459838
201009037.jpg,5,62,173,66,127,0.13961814
201009037.jpg,5,326,228,65,48,0.50970525
20080905.jpg,13,158,0,508,497,0.16594884
20080905.jpg,9,158,0,508,497,0.3400376
20081105.jpg,10,69,61,195,107,0.9001956
201407023.jpg,5,192,133,52,103,0.49263805
2010081718.jpg,3,354,134,121,173,0.2896021
201605122.jpg,7,62,121,71,133,0.40419436
201605122.jpg,3,62,121,71,133,0.6129941
201406112.jpg,7,332,184,68,116,0.10237517
201406112.jpg,5,141,240,12,33,0.11193984
201406112.jpg,5,124,197,17,24,0.17451417
201406112.jpg,5,196,43,30,113,0.20632231
201406112.jpg,5,332,184,68,116,0.26551056
201406112.jpg,5,14,192,40,65,0.75703573
201406112.jpg,3,124,197,17,24,0.29605994
201406112.jpg,2,226,198,29,23,0.103623964
201406112.jpg,2,141,240,12,33,0.32115376
201205315.jpg,6,22,48,66,72,0.12134656
201205315.jpg,6,177,248,50,72,0.14101087
200908186.jpg,9,0,78,220,164,0.104259536
200908186.jpg,5,334,237,26,34,0.15723644
200908186.jpg,5,122,1,75,40,0.17713757
200908186.jpg,5,148,33,59,104,0.1960083
200908186.jpg,5,193,1,141,78,0.2088234
200908186.jpg,5,284,214,35,41,0.22915481
200908186.jpg,3,70,86,60,152,0.10349253
200908186.jpg,3,148,33,59,104,0.26222262
200908186.jpg,2,375,179,22,52,0.15382548
200908186.jpg,2,282,225,37,23,0.15775299
2013090311.jpg,9,303,142,27,23,0.18709575
2013090311.jpg,8,344,182,52,115,0.21459605
2013090311.jpg,8,184,72,24,228,0.41604888
2013090311.jpg,5,272,143,35,60,0.21988492
2013090311.jpg,5,184,72,24,228,0.41162786
200904141.jpg,5,129,159,33,67,0.1003807
200904141.jpg,5,124,192,20,33,0.16251335
200904141.jpg,5,116,150,55,90,0.33368912
2008111923.jpg,5,50,228,41,38,0.10803542
2008111923.jpg,5,465,248,37,42,0.12932704
2008111923.jpg,4,50,228,41,38,0.11520423
2008111923.jpg,3,521,248,53,39,0.2045289
201702226.jpg,5,230,9,63,177,0.12523808
201702226.jpg,4,230,9,63,177,0.35499617
2014110613.jpg,6,92,193,55,64,0.16481376
2014110613.jpg,5,320,284,20,14,0.13112868
2014110613.jpg,5,92,193,55,64,0.21406785
2014110613.jpg,5,167,223,31,51,0.2245829
2014110613.jpg,3,320,284,20,14,0.42561895
2015031114.jpg,6,369,117,29,23,0.11296155
2015031114.jpg,5,369,117,29,23,0.109654196
2015031114.jpg,5,353,41,23,118,0.11625954
201411056.jpg,9,74,34,287,199,0.1882498
201411056.jpg,9,140,88,115,79,0.30166432
201411056.jpg,9,132,69,170,136,0.45814392
201411056.jpg,5,74,34,287,199,0.111431755
201411056.jpg,5,132,69,170,136,0.15631473
201411056.jpg,2,161,104,37,24,0.11777777
201805182.jpg,5,197,42,31,46,0.37354594
201805182.jpg,3,86,66,214,157,0.20043623
2018081420.jpg,5,175,39,107,146,0.12577662
201010264.jpg,5,106,134,68,36,0.11791934
201010264.jpg,3,106,134,68,36,0.20215902
201801128.jpg,11,12,73,385,216,0.13516279
201801128.jpg,4,12,73,385,216,0.40480742
201205311.jpg,4,162,97,59,71,0.114468396
2015031111.jpg,9,111,87,195,135,0.33729386
2015031111.jpg,6,139,88,137,164,0.12163871
2015031111.jpg,6,249,39,63,60,0.17873745
2015031111.jpg,5,310,104,29,39,0.107159
2015031111.jpg,5,209,14,35,68,0.6007022
2015031111.jpg,5,46,224,44,56,0.6052066
2015031111.jpg,4,209,14,35,68,0.14881533
2015031111.jpg,2,310,104,29,39,0.1737924
2018032815.jpg,8,120,92,148,116,0.42838633
2018032815.jpg,7,120,92,148,116,0.13049957
2018032815.jpg,7,35,0,57,137,0.16799152
2018032815.jpg,5,282,52,118,186,0.12047862
2018032815.jpg,3,35,0,57,137,0.16294867
201605031.jpg,5,0,0,400,300,0.877935
201504027.jpg,13,100,127,73,71,0.31359917
201510261.jpg,3,226,173,20,24,0.10019373
201510261.jpg,2,150,214,16,23,0.20165081
201510261.jpg,2,297,208,13,20,0.22076397
201706121.jpg,11,52,40,94,178,0.15895598
201706121.jpg,8,52,40,94,178,0.12533303
201706121.jpg,5,52,40,94,178,0.11257396
201706121.jpg,5,293,29,62,122,0.12758331
201706121.jpg,5,265,54,74,123,0.14402421
201706121.jpg,5,319,71,44,222,0.24093573
201706121.jpg,5,196,112,80,98,0.27425253
201706121.jpg,5,263,106,137,148,0.6345017
201706121.jpg,4,52,40,94,178,0.35958698
201808014.jpg,5,265,230,33,43,0.23145974
201808014.jpg,5,268,132,34,30,0.25820923
201808014.jpg,5,218,119,48,38,0.47331172
201808014.jpg,3,218,119,48,38,0.15295197
201109235.jpg,5,41,53,274,209,0.1053352
2011120220.jpg,5,402,234,66,54,0.12805103
2011120220.jpg,5,201,117,68,63,0.17548305
2011120220.jpg,5,0,185,58,109,0.22128038
2011120220.jpg,4,450,139,98,101,0.101999395
2011120220.jpg,4,201,117,68,63,0.19963995
2011120220.jpg,4,259,128,92,164,0.33233786
2011120220.jpg,3,403,243,67,37,0.12548928
2008113039.jpg,9,166,253,53,51,0.14176999
2008113039.jpg,8,166,253,53,51,0.15214199
2008113039.jpg,8,5,286,43,194,0.24195677
2008113039.jpg,5,506,376,55,104,0.49042222
2008113039.jpg,5,29,312,49,80,0.57242465
2008113039.jpg,5,213,312,59,79,0.87059575
2008113039.jpg,4,166,253,53,51,0.36596254
20130516.jpg,5,185,77,110,223,0.21230243
20130516.jpg,5,184,117,90,73,0.3014218
20130516.jpg,5,2,177,15,120,0.33812746
20130516.jpg,5,129,227,59,42,0.35105297
20130516.jpg,5,119,196,71,104,0.53130144
20130516.jpg,5,56,116,148,173,0.6801026
20130516.jpg,3,129,227,59,42,0.1300938
20130516.jpg,3,2,177,15,120,0.16653307
2008120626.jpg,5,342,81,91,130,0.17053346
2008120626.jpg,4,15,62,107,194,0.4072923
201404222.jpg,6,182,168,31,22,0.16126648
201404222.jpg,5,234,199,22,22,0.11665763
201404222.jpg,4,98,133,75,113,0.11194122
201404222.jpg,2,150,195,14,29,0.13321388
201404222.jpg,2,204,194,14,25,0.14908543
201404222.jpg,2,251,178,13,27,0.35219574
201404222.jpg,2,174,191,13,31,0.4006264
201404222.jpg,2,216,197,17,22,0.41944557
201404222.jpg,2,187,196,20,26,0.49423385
2017052516.jpg,2,141,165,39,25,0.2746198
2013090826.jpg,13,258,57,142,191,0.177493
201105025.jpg,5,40,0,248,240,0.5995213
201105025.jpg,3,56,0,242,240,0.11010978
201405296.jpg,5,54,52,208,180,0.107576236
201405296.jpg,5,135,55,42,180,0.36032125
201405296.jpg,3,87,195,37,26,0.12638111
201405296.jpg,3,135,55,42,180,0.22181658
201405296.jpg,2,135,55,42,180,0.11382931
201309244.jpg,6,0,198,252,83,0.19126855
201309244.jpg,5,160,157,34,112,0.13515872
201309244.jpg,5,230,182,170,103,0.14731292
201309244.jpg,4,78,163,39,62,0.11164038
2009070386.jpg,5,22,190,39,22,0.101414666
2009070386.jpg,5,62,198,34,44,0.11137894
2009070386.jpg,5,374,88,24,86,0.13070469
2009070386.jpg,5,11,204,42,57,0.14078768
2009070386.jpg,5,5,167,55,45,0.16559407
2009070386.jpg,5,144,196,34,52,0.20034866
2009070386.jpg,5,69,161,29,47,0.24577205
2009070386.jpg,5,167,208,78,92,0.24828704
2009070386.jpg,5,128,254,47,46,0.36735976
2009070386.jpg,5,181,223,43,54,0.40466365
2009070386.jpg,5,318,65,63,129,0.5415348
2009070386.jpg,5,136,150,28,56,0.5630466
2009070386.jpg,2,66,170,32,26,0.36304206
2011081214.jpg,9,67,285,54,46,0.13459785
2011081214.jpg,8,67,285,54,46,0.12832937
2011081214.jpg,6,135,288,74,37,0.22965062
2011081214.jpg,6,13,285,95,135,0.2944957
2011081214.jpg,5,21,292,85,117,0.12975888
2011081214.jpg,1,568,350,63,190,0.1079033
201705308.jpg,5,37,182,88,78,0.4497584
201705308.jpg,5,119,100,200,138,0.8030598
201805183.jpg,7,116,99,222,150,0.23281261
201805183.jpg,7,190,108,68,156,0.2924011
201805183.jpg,5,196,92,64,42,0.13531223
201805183.jpg,3,190,108,68,156,0.38445303
201805183.jpg,3,116,99,222,150,0.47739226
201212107.jpg,9,149,143,65,52,0.26095527
201212107.jpg,5,56,222,37,62,0.16009292
201212107.jpg,5,91,64,120,180,0.16743568
201212107.jpg,5,110,168,129,121,0.18129194
201212107.jpg,5,149,143,65,52,0.2304365
201212107.jpg,5,271,170,65,130,0.2806295
201212107.jpg,5,195,159,205,141,0.6197507
201212107.jpg,3,98,120,97,64,0.11532784
200811294.jpg,13,424,124,162,206,0.38913304
200811294.jpg,5,424,124,162,206,0.12455766
201209287.jpg,9,93,114,21,15,0.16064478
201209287.jpg,5,173,173,45,57,0.41230413
201209287.jpg,3,93,114,21,15,0.34472635
201209287.jpg,3,135,91,53,58,0.3900016
2015062610.jpg,5,132,206,41,33,0.11617669
2015062610.jpg,5,132,141,47,72,0.6345577
2015062610.jpg,3,132,206,41,33,0.19016603
200812122.jpg,5,574,142,38,58,0.21435645
200812141.jpg,5,126,116,18,32,0.16613843
200812141.jpg,5,115,1,30,28,0.17224264
200812141.jpg,5,67,141,22,19,0.48884585
200812141.jpg,5,87,136,22,27,0.7542093
2015042013.jpg,5,308,66,43,23,0.39714417
2015042013.jpg,5,359,151,27,46,0.4815473
2015042013.jpg,5,209,44,185,256,0.68068147
2015042013.jpg,5,66,60,189,240,0.7218174
2015042013.jpg,3,308,66,43,23,0.10662856
2015042013.jpg,3,374,58,24,23,0.1157155
2018081438.jpg,3,0,22,308,166,0.30969185
201708031.jpg,9,101,0,299,300,0.41359156
201708031.jpg,5,101,0,299,300,0.4318622
201708031.jpg,5,296,0,104,300,0.64891267
201706287.jpg,9,198,90,73,58,0.109707035
201706287.jpg,9,144,102,105,116,0.17180543
201706287.jpg,9,230,83,61,59,0.17850104
201706287.jpg,9,69,114,256,77,0.47470802
201706287.jpg,6,224,63,77,75,0.11941937
201706287.jpg,6,147,83,106,83,0.25132543
201706287.jpg,6,69,114,256,77,0.2530565
201706287.jpg,6,154,108,95,125,0.2550935
201706287.jpg,4,69,114,256,77,0.26027092
2014010820.jpg,7,92,223,35,26,0.12636267
2014010820.jpg,6,327,147,45,58,0.44422472
2014010820.jpg,5,327,147,45,58,0.30138698
2014010820.jpg,5,48,190,41,36,0.8233913
2014010820.jpg,3,90,223,42,26,0.20664048
201109286.jpg,9,72,105,111,100,0.111968584
201109286.jpg,9,186,141,155,85,0.11902258
201109286.jpg,9,224,182,91,118,0.12928411
201109286.jpg,9,210,72,142,109,0.21583915
201109286.jpg,9,66,19,130,281,0.35102022
201109286.jpg,9,173,34,198,266,0.49844858
201109286.jpg,5,66,19,130,281,0.170994
201109286.jpg,5,357,85,28,94,0.17448236
201008126.jpg,5,334,286,63,38,0.17649832
201008126.jpg,5,223,241,36,37,0.3727667
201008126.jpg,5,106,314,54,68,0.4619297
201008126.jpg,3,334,286,63,38,0.20608672
201008126.jpg,3,223,241,36,37,0.47665367
201008126.jpg,1,323,112,80,41,0.20505166
201808011.jpg,5,162,111,90,189,0.43716013
201808011.jpg,4,167,127,86,173,0.15473288
201808011.jpg,3,264,106,63,93,0.2389652
20120919.jpg,13,62,89,196,195,0.87823886
20120919.jpg,9,62,89,196,195,0.69846034
201708284.jpg,13,0,118,165,132,0.41769993
201708284.jpg,5,37,92,85,109,0.12007409
201708284.jpg,5,0,118,165,132,0.120129906
201708284.jpg,5,58,103,41,89,0.6360833
201708284.jpg,2,0,226,11,39,0.104242675
2014111010.jpg,6,62,186,79,114,0.12305587
2012091010.jpg,5,111,72,207,192,0.27834064
2012091010.jpg,5,52,18,320,282,0.72237486
2012091010.jpg,3,116,74,197,167,0.15550292
2012091010.jpg,3,52,18,320,282,0.2764984
201606152.jpg,7,200,168,28,20,0.106632195
201606152.jpg,5,105,100,41,164,0.2836445
201606152.jpg,5,190,176,50,33,0.72120667
201606152.jpg,5,215,239,41,53,0.79521865
201606152.jpg,3,105,100,41,164,0.17600144
201606152.jpg,3,200,168,28,20,0.24349351
201606152.jpg,3,270,106,20,16,0.44391748
201606152.jpg,3,190,176,50,33,0.4676634
2017052525.jpg,5,218,105,41,53,0.5668419
2017052525.jpg,3,218,105,41,53,0.2413951
201709144.jpg,5,318,148,33,52,0.10925407
201709144.jpg,5,130,0,72,163,0.11557073
201709144.jpg,5,315,122,43,105,0.14091697
201709144.jpg,5,140,80,51,105,0.22465451
201709144.jpg,5,193,131,37,48,0.2791627
201709144.jpg,5,89,3,54,90,0.30420408
201709144.jpg,5,187,111,51,85,0.36391598
201709144.jpg,5,269,54,72,154,0.42989168
201709144.jpg,5,233,108,42,104,0.53106964
201709144.jpg,5,148,119,40,47,0.5609218
201709144.jpg,5,106,80,41,99,0.6341445
201709144.jpg,2,89,3,54,90,0.19137184
2010110513.jpg,6,268,176,32,50,0.10684443
2010110513.jpg,4,138,115,66,120,0.22568493
2011082312.jpg,13,222,56,219,342,0.56369096
201705255.jpg,5,0,143,58,224,0.13581273
201705255.jpg,5,13,173,157,185,0.1948826
2012113010.jpg,9,111,0,182,300,0.19241855
200804303.jpg,13,32,14,241,210,0.3785562
200804303.jpg,11,0,15,298,212,0.17408085
200804303.jpg,5,0,15,298,212,0.10871177
200804303.jpg,4,32,14,241,210,0.23024476
201309082.jpg,9,116,180,73,37,0.28126037
201309082.jpg,9,160,113,62,69,0.42810458
201309082.jpg,5,305,171,51,61,0.101965986
201309082.jpg,5,35,136,41,69,0.10923706
201309082.jpg,5,121,180,70,39,0.15803503
201309082.jpg,5,45,197,44,103,0.30297473
201309082.jpg,5,0,166,54,134,0.30545464
201502253.jpg,5,195,130,45,170,0.112229414
201502253.jpg,5,378,113,22,120,0.20592955
201112115.jpg,8,225,120,57,44,0.2931996
201112115.jpg,6,308,126,73,112,0.4257098
201112115.jpg,4,225,120,57,44,0.15810336
201112115.jpg,3,341,226,38,20,0.10596972
201601111.jpg,9,177,149,70,42,0.10477683
201601111.jpg,9,131,171,68,35,0.18823223
201601111.jpg,5,226,198,49,102,0.11802759
201507035.jpg,5,0,123,300,214,0.13792129
201507035.jpg,3,0,78,300,268,0.17854859
201507035.jpg,3,63,114,191,206,0.23547523
20110704.jpg,11,43,27,309,273,0.42952272
20110704.jpg,5,53,46,291,254,0.38187936
20110704.jpg,4,43,27,309,273,0.82913244
20110704.jpg,3,43,27,309,273,0.13832769
201210156.jpg,5,0,206,65,93,0.7769474
201602021.jpg,5,278,122,34,47,0.16218881
201602021.jpg,5,312,146,39,33,0.26429063
201404234.jpg,5,9,77,57,198,0.10062269
201404234.jpg,5,184,173,76,127,0.1818964
201404234.jpg,5,153,158,161,142,0.18703896
201404234.jpg,5,123,8,169,214,0.9343361
201404234.jpg,3,184,173,76,127,0.17980768
201610052.jpg,5,192,78,144,222,0.9329574
201610052.jpg,5,77,90,136,210,0.9483933
201705263.jpg,5,56,0,242,300,0.75417364
201705263.jpg,3,56,0,242,300,0.10634401
201705263.jpg,3,127,108,86,87,0.17815831
2010081724.jpg,9,667,22,126,464,0.11699199
201807022.jpg,9,51,41,240,259,0.34697232
201807022.jpg,5,40,26,257,242,0.40856364
201807022.jpg,3,22,67,293,188,0.1405265
201307105.jpg,5,25,53,110,153,0.24181567
201307105.jpg,5,126,0,211,300,0.57755435
201307105.jpg,3,126,0,211,300,0.51381123
201502041.jpg,5,262,104,101,196,0.1384401
201502041.jpg,5,154,76,112,221,0.24944462
200812035.jpg,13,419,72,61,155,0.42999122
200812035.jpg,6,269,172,58,52,0.66027886
201011069.jpg,5,5,144,250,156,0.1325648
201011069.jpg,5,0,29,26,45,0.140394
201011069.jpg,5,0,39,400,261,0.20634256
201011069.jpg,5,243,143,61,110,0.3480389
201011069.jpg,5,108,107,41,50,0.41359302
201011069.jpg,5,156,88,63,149,0.5726415
201510306.jpg,9,166,72,197,203,0.203225
201510306.jpg,5,166,72,197,203,0.47725695
201510306.jpg,5,20,95,169,205,0.92236894
201509236.jpg,5,149,248,52,46,0.17201634
201509236.jpg,5,101,52,223,240,0.463689
2018081429.jpg,13,27,5,323,295,0.104599714
2018081429.jpg,5,334,2,51,41,0.12157009
2018081429.jpg,5,6,30,365,270,0.76857185
2018081429.jpg,3,6,30,365,270,0.10670671
201705259.jpg,6,11,25,75,122,0.13126567
201705259.jpg,5,112,124,48,200,0.5635572
201705259.jpg,5,58,105,45,111,0.7053891
201705259.jpg,5,34,132,207,185,0.8804785
201705259.jpg,3,112,124,48,200,0.13489789
201705259.jpg,3,58,105,45,111,0.1968249
201705259.jpg,3,161,89,50,95,0.22782971
20100930.jpg,5,181,114,18,29,0.3647401
200910063.jpg,5,119,29,31,44,0.19646087
200910063.jpg,5,138,68,49,59,0.24688587
200910063.jpg,3,138,68,49,59,0.11292184
2008112934.jpg,5,392,191,211,211,0.2217133
201309265.jpg,6,142,200,56,48,0.102099985
201309265.jpg,3,33,204,29,27,0.1030639
201401085.jpg,9,141,151,78,39,0.29990068
201401085.jpg,6,260,81,39,24,0.13230479
201401085.jpg,5,264,125,52,32,0.19743957
201401085.jpg,5,141,151,78,39,0.21768095
201401085.jpg,5,350,108,44,37,0.3366784
201401085.jpg,3,153,147,57,61,0.3320018
201201182.jpg,5,0,0,640,480,0.5066653
201201182.jpg,4,0,0,640,480,0.107783854
2008120655.jpg,5,335,241,35,34,0.1659606
2008120655.jpg,5,228,277,48,49,0.83357817
2008120655.jpg,3,335,241,35,34,0.24744068
2017021013.jpg,6,230,153,67,73,0.1020295
2017021013.jpg,6,183,115,58,77,0.105081685
2017021013.jpg,5,245,148,38,50,0.17330885
2017021013.jpg,5,183,115,58,77,0.23415472
2017021013.jpg,2,211,279,22,21,0.14582656
2017021025.jpg,2,221,159,25,30,0.36390707
2017062913.jpg,8,51,123,57,164,0.42663366
2017062913.jpg,5,136,90,66,181,0.12264271
2017062913.jpg,5,98,84,150,209,0.49830303
201707274.jpg,11,84,139,234,146,0.2557969
201707274.jpg,6,48,82,62,101,0.1684494
201707274.jpg,3,153,157,59,99,0.10490492
201807125.jpg,5,160,108,100,105,0.6577891
201807125.jpg,4,160,108,100,105,0.729238
201409295.jpg,5,176,114,53,129,0.11854043
201409295.jpg,5,84,113,65,116,0.13306454
201409295.jpg,5,138,172,43,77,0.28173056
201207173.jpg,8,182,116,153,94,0.36486676
201207173.jpg,5,175,83,153,195,0.13792914
201207173.jpg,4,182,116,153,94,0.48460734
2018081464.jpg,5,56,48,283,157,0.12716441
2018081464.jpg,5,0,37,400,185,0.15970442
2018081464.jpg,3,0,37,400,185,0.26477826
201006238.jpg,9,207,147,55,52,0.401133
201006238.jpg,9,114,97,39,124,0.4769194
201006238.jpg,6,343,173,57,103,0.50527453
201006238.jpg,5,98,111,62,95,0.12690441
2008120711.jpg,5,158,102,16,16,0.1707209
2008120711.jpg,4,97,134,206,145,0.28629896
2008120711.jpg,3,158,102,16,16,0.26653075
201110079.jpg,9,287,84,21,20,0.21048783
201110079.jpg,9,222,122,24,13,0.31454617
201110079.jpg,9,180,153,18,16,0.3786727
201110079.jpg,5,275,114,21,20,0.28013042
201110079.jpg,5,249,104,20,23,0.3404735
201110079.jpg,3,249,104,20,23,0.21682645
201110079.jpg,2,301,114,15,19,0.12974179
201009305.jpg,9,196,183,19,16,0.1989479
201009305.jpg,6,117,102,26,48,0.19563265
201009305.jpg,5,203,170,16,16,0.121228315
201009305.jpg,5,302,159,35,38,0.2551105
201009305.jpg,5,139,163,34,44,0.44168404
201009305.jpg,3,336,223,25,17,0.12874912
201009305.jpg,3,203,170,16,16,0.22092237
201009305.jpg,3,196,183,19,16,0.27683708
201009305.jpg,2,336,223,25,17,0.4944408
201407171.jpg,5,179,123,50,42,0.1051881
201009287.jpg,6,205,77,46,116,0.2757516
201009287.jpg,5,188,173,53,158,0.12080872
201009287.jpg,5,64,151,236,209,0.12661916
201404226.jpg,5,209,102,34,57,0.1529973
201404226.jpg,5,46,250,55,44,0.20059629
201404226.jpg,5,11,0,389,300,0.89371
201404226.jpg,3,11,0,389,300,0.3221099
201411048.jpg,8,41,79,115,36,0.14865479
201411048.jpg,5,41,79,115,36,0.12722622
201411048.jpg,4,41,79,115,36,0.113448896
201411048.jpg,3,2,142,155,150,0.30965912
201505312.jpg,5,315,105,48,106,0.39164144
201505312.jpg,5,27,3,260,294,0.79259115
201505312.jpg,3,315,105,48,106,0.17855676
201505312.jpg,3,27,3,260,294,0.5551151
2009070225.jpg,13,78,49,177,149,0.68257046
2009070225.jpg,5,351,101,22,142,0.11745951
2009070225.jpg,5,77,53,179,144,0.30547255
201608242.jpg,5,128,71,62,162,0.10192017
201608242.jpg,3,128,71,62,162,0.22368969
201602037.jpg,4,75,132,236,116,0.26662928
200904106.jpg,9,138,151,58,44,0.122770734
200904106.jpg,9,278,166,56,51,0.15833165
201011061.jpg,13,161,85,53,147,0.87228584
201011061.jpg,7,122,192,21,14,0.100145295
201011061.jpg,5,158,83,59,130,0.67555726
201011061.jpg,5,110,114,41,84,0.75716794
201011061.jpg,3,118,184,28,20,0.10362493
201011061.jpg,3,165,187,51,25,0.13087796
201011061.jpg,3,122,192,21,14,0.37161765
201807133.jpg,5,116,136,117,98,0.13600883
201807133.jpg,5,22,97,306,127,0.8870631
201807133.jpg,2,124,100,96,116,0.122605756
201711173.jpg,5,316,265,57,35,0.12674445
201711173.jpg,5,203,41,36,45,0.39853153
201711173.jpg,5,294,15,49,32,0.58614135
201711173.jpg,4,56,70,292,226,0.11834696
201711173.jpg,3,294,15,49,32,0.101818934
201306205.jpg,13,41,64,221,158,0.116194636
201306205.jpg,11,79,100,160,96,0.17926078
201306205.jpg,11,41,64,221,158,0.3513741
201306205.jpg,6,168,4,47,52,0.24926391
201306205.jpg,5,168,4,47,52,0.112908445
201306205.jpg,5,43,169,32,30,0.24662866
201306205.jpg,5,127,166,46,59,0.6676388
201306205.jpg,3,79,100,160,96,0.10760854
201306205.jpg,3,41,64,221,158,0.18594739
201306205.jpg,2,43,169,32,30,0.12227011
2009042814.jpg,9,240,38,53,66,0.20733401
2009042814.jpg,6,240,38,53,66,0.1705192
2009042814.jpg,6,178,105,46,85,0.2106121
2009042814.jpg,5,240,38,53,66,0.16496027
2009042814.jpg,4,160,73,42,23,0.18933451
2009042814.jpg,3,224,153,26,26,0.29317454
2013090815.jpg,9,70,110,33,45,0.14247504
2013090815.jpg,5,43,71,86,104,0.10459848
2013090815.jpg,5,70,110,33,45,0.20494233
2013090815.jpg,5,149,239,90,61,0.4844919
2013090815.jpg,3,149,239,90,61,0.15059178
201405201.jpg,9,119,134,25,22,0.27755204
201405201.jpg,3,251,173,26,18,0.11729377
201405201.jpg,3,230,143,34,22,0.2638616
201405201.jpg,3,118,132,24,15,0.27227437
201506251.jpg,7,2,261,84,139,0.14002657
201506251.jpg,6,218,245,82,155,0.14225475
201506251.jpg,5,24,268,42,132,0.2279871
201506251.jpg,5,42,55,218,335,0.37509263
201506251.jpg,3,2,261,84,139,0.1227184
201407091.jpg,9,69,152,39,42,0.52946
201407091.jpg,5,273,86,36,58,0.14591575
201407091.jpg,5,69,152,39,42,0.20344868
201407091.jpg,5,283,243,53,56,0.32446322
201407091.jpg,5,310,81,33,54,0.3792592
201407091.jpg,3,246,111,28,14,0.1495306
201407091.jpg,3,273,86,36,58,0.21497822
201407091.jpg,3,310,81,33,54,0.26232168
201011083.jpg,9,7,280,83,86,0.157582
201011083.jpg,5,387,307,307,293,0.13151897
201011083.jpg,5,299,183,149,406,0.2723221
201011083.jpg,4,316,222,40,47,0.10419883
201404227.jpg,13,82,119,242,170,0.25333115
201404227.jpg,11,128,91,143,205,0.21429771
201404227.jpg,8,128,91,143,205,0.35565412
201404227.jpg,5,112,96,174,204,0.26736704
201404227.jpg,4,101,45,192,255,0.22893502
201307296.jpg,8,201,98,46,82,0.1176022
201307296.jpg,5,201,98,46,82,0.13484946
201307296.jpg,5,181,71,72,178,0.17691982
201307296.jpg,5,183,160,55,50,0.17847615
201307296.jpg,5,219,185,41,62,0.7359459
201307296.jpg,5,257,122,72,130,0.838399
201307296.jpg,3,219,185,41,62,0.15452045
2013090822.jpg,5,0,0,400,300,0.12675995
2013090822.jpg,3,17,0,383,300,0.33351797
2016050218.jpg,9,80,65,178,232,0.10815168
2016050218.jpg,9,232,34,163,235,0.17443688
2016050218.jpg,9,131,86,55,136,0.27633104
2016050218.jpg,6,232,34,163,235,0.127073
20120813.jpg,9,90,80,59,35,0.10478158
20120813.jpg,9,62,65,118,215,0.111321256
20120813.jpg,9,86,99,68,25,0.14581378
20120813.jpg,9,27,91,30,22,0.18049121
201312126.jpg,9,323,228,29,21,0.12026055
201312126.jpg,9,324,219,26,22,0.15698236
201312126.jpg,5,359,226,34,74,0.10975122
201312126.jpg,5,329,246,40,54,0.86028904
201312126.jpg,3,324,210,25,25,0.15664989
2010103117.jpg,13,330,243,46,58,0.1100357
2010103117.jpg,13,266,178,73,65,0.36305574
2010103117.jpg,9,266,178,73,65,0.14793892
2010103117.jpg,8,111,185,26,30,0.11567302
2010103117.jpg,5,111,185,26,30,0.13674594
2010103117.jpg,5,11,249,29,23,0.2314597
2010103117.jpg,5,330,243,46,58,0.2623144
2010103117.jpg,5,107,155,40,42,0.47451273
2010103117.jpg,5,266,178,73,65,0.7975854
2010103117.jpg,4,111,185,26,30,0.37691683
2010103117.jpg,3,11,249,29,23,0.21825781
2010103117.jpg,3,266,178,73,65,0.21893847
2010103117.jpg,2,11,249,29,23,0.103012785
2017042113.jpg,5,0,0,400,300,0.9259048
2017042113.jpg,3,9,0,391,300,0.16417934
201209117.jpg,5,128,71,196,229,0.8696756
201508278.jpg,9,253,0,37,45,0.101345755
201508278.jpg,8,53,44,106,148,0.21218558
201508278.jpg,7,0,152,33,139,0.17271806
201508278.jpg,5,0,152,33,139,0.106725805
201508278.jpg,5,253,0,37,45,0.26467407
201508278.jpg,5,344,10,56,102,0.8038454
201508278.jpg,5,242,56,63,100,0.8757058
201508278.jpg,4,53,44,106,148,0.2108532
201508278.jpg,3,0,152,33,139,0.6243566
20100803.jpg,7,62,206,64,94,0.1390118
20100803.jpg,6,161,235,76,64,0.11392044
20100803.jpg,5,270,60,32,82,0.17369552
20100803.jpg,5,131,186,22,107,0.26386416
20100803.jpg,5,322,204,57,56,0.33373147
20100803.jpg,5,389,192,11,30,0.44743082
20100803.jpg,4,155,140,63,91,0.12329604
20100803.jpg,4,158,39,82,104,0.50775665
20100803.jpg,3,389,192,11,30,0.13441189
20120516.jpg,13,127,43,126,254,0.10028202
20120516.jpg,9,127,43,126,254,0.5309301
20120516.jpg,5,127,43,126,254,0.49612507
2018081452.jpg,7,127,293,98,107,0.39310434
2018081452.jpg,5,14,270,70,130,0.10062276
2018081452.jpg,5,61,68,204,270,0.8301414
2018081452.jpg,3,127,293,98,107,0.2985825
20091201.jpg,8,24,205,27,52,0.10859267
20091201.jpg,5,19,186,33,86,0.1708605
20091201.jpg,5,97,149,61,57,0.3079713
20091201.jpg,4,288,66,57,121,0.2510277
20091201.jpg,4,97,149,61,57,0.38189468
2016112210.jpg,5,117,30,216,241,0.11772748
2016112210.jpg,5,49,0,347,300,0.5549212
201611176.jpg,5,90,0,242,300,0.45340863
201611176.jpg,5,0,55,170,245,0.82065
200812154.jpg,5,134,102,63,97,0.2629575
200812154.jpg,5,113,30,115,210,0.7727859
200812154.jpg,3,134,102,63,97,0.12463374
201605033.jpg,9,151,83,47,59,0.10894917
201605033.jpg,9,152,16,79,150,0.12933089
201605033.jpg,9,108,1,55,131,0.15885757
201605033.jpg,9,196,6,135,210,0.16088565
201605033.jpg,9,130,22,69,139,0.16930573
201605033.jpg,9,33,0,73,50,0.23512678
201605033.jpg,9,81,19,74,56,0.2511041
201605033.jpg,9,218,28,77,117,0.2839964
201605033.jpg,9,227,95,68,100,0.37691236
201605033.jpg,9,316,121,67,138,0.797327
201605033.jpg,5,196,6,135,210,0.119925864
201605033.jpg,5,175,3,54,53,0.14200814
201605033.jpg,5,143,42,56,109,0.16487744
201605033.jpg,5,33,0,73,50,0.25328508
201605033.jpg,5,81,19,74,56,0.273586
201605033.jpg,3,316,121,67,138,0.13419275
201605033.jpg,3,143,42,56,109,0.22899099
201209123.jpg,6,243,174,156,83,0.23888569
201209123.jpg,5,176,179,43,75,0.6697891
201607255.jpg,9,0,112,161,152,0.69065356
2018081460.jpg,5,89,0,47,52,0.1005327
2018081460.jpg,5,143,19,41,45,0.5238992
2018081460.jpg,5,31,129,237,211,0.9820014
2018081460.jpg,3,147,20,37,40,0.13503622
200907151.jpg,9,84,94,62,40,0.10060737
200907151.jpg,9,165,71,154,229,0.11607367
200907151.jpg,9,105,105,64,56,0.15073176
200811292.jpg,9,142,358,43,34,0.18686688
200811292.jpg,5,134,351,62,116,0.42481604
200811292.jpg,5,195,442,61,95,0.5087489
200811292.jpg,3,134,351,62,116,0.10830635
200811292.jpg,3,142,358,43,34,0.11373142
201409026.jpg,9,101,99,251,126,0.11816447
201308124.jpg,9,82,25,165,273,0.14414008
201308124.jpg,5,332,23,41,62,0.35374352
201308124.jpg,5,225,76,32,43,0.37844822
201308124.jpg,5,66,61,193,239,0.40462348
200811257.jpg,13,161,38,147,131,0.14087959
200811257.jpg,13,126,76,222,193,0.31349027
200811257.jpg,4,126,76,222,193,0.14334305
200811257.jpg,2,377,233,27,49,0.34187442
2016112220.jpg,13,115,43,190,257,0.3592699
2016112220.jpg,5,142,82,132,218,0.64116144
201507072.jpg,9,94,155,42,50,0.11439828
201507072.jpg,9,122,135,178,156,0.68394417
201507072.jpg,8,12,161,145,187,0.6284848
201507072.jpg,7,257,276,38,96,0.28495625
201507072.jpg,5,127,122,173,189,0.12622929
201507072.jpg,5,38,135,54,44,0.28649655
201507072.jpg,5,0,75,58,108,0.48549494
201507072.jpg,3,0,75,58,108,0.10036767
201507072.jpg,3,12,161,145,187,0.1152222
201507072.jpg,3,122,135,178,156,0.119910024
201507072.jpg,3,94,155,42,50,0.19590387
201507072.jpg,3,38,135,54,44,0.20487638
201507072.jpg,3,254,266,43,112,0.55011934
2015042012.jpg,9,167,62,48,42,0.4535516
2015042012.jpg,5,150,171,51,103,0.15071967
2015042012.jpg,5,167,62,48,42,0.17244597
2015042012.jpg,5,167,0,77,93,0.21291488
2015042012.jpg,5,188,119,60,139,0.5266002
2015042012.jpg,5,197,140,55,64,0.52736974
2015042012.jpg,5,239,159,39,141,0.6716481
2015042012.jpg,5,135,132,81,168,0.78310156
201806282.jpg,9,98,0,302,300,0.29115415
201806282.jpg,9,149,84,174,192,0.3024138
201110141.jpg,5,181,114,18,29,0.3647401
201006236.jpg,9,86,19,233,281,0.1250935
201006236.jpg,5,86,19,233,281,0.86288613
20090724.jpg,9,97,116,170,173,0.11257151
20090724.jpg,5,97,116,170,173,0.24024206
20090724.jpg,5,154,123,56,156,0.26728088
20090724.jpg,5,89,45,41,54,0.41264886
20090724.jpg,5,160,55,45,46,0.50540304
201609297.jpg,6,29,0,338,300,0.1362657
201609297.jpg,5,29,0,338,300,0.58318526
201307011.jpg,9,130,18,188,257,0.29902983
201507021.jpg,6,19,61,112,188,0.2379714
201507021.jpg,5,352,46,29,66,0.15406393
201703035.jpg,5,0,77,400,223,0.87773734
201307295.jpg,5,147,52,78,186,0.22992255
201307295.jpg,5,262,170,80,130,0.6006212
201307295.jpg,4,95,48,176,189,0.13290001
201307295.jpg,4,147,52,78,186,0.281339
201307295.jpg,3,262,170,80,130,0.1293999
2018071217.jpg,9,160,148,73,152,0.35988975
2018071217.jpg,9,0,143,400,157,0.7406897
2018071217.jpg,7,353,2,37,38,0.10204501
2018071217.jpg,7,0,143,400,157,0.22114483
2018071217.jpg,5,353,2,37,38,0.3476855
2018071217.jpg,3,353,2,37,38,0.2262864
2018071217.jpg,3,160,148,73,152,0.35002074
201208081.jpg,9,173,105,227,129,0.1914659
201507104.jpg,9,156,148,39,45,0.10416654
201507104.jpg,9,60,105,80,49,0.24929246
201507104.jpg,5,63,91,79,138,0.10098059
201507104.jpg,5,217,86,38,58,0.10330806
201507104.jpg,5,204,154,177,116,0.18860826
201507104.jpg,5,261,88,41,45,0.40364343
201507104.jpg,5,210,78,51,107,0.6684897
201507104.jpg,5,261,59,48,102,0.6852946
201507104.jpg,3,160,156,32,24,0.12658842
200904305.jpg,13,241,0,96,175,0.31125477
200904305.jpg,13,39,49,199,148,0.7727999
200904305.jpg,5,226,204,29,71,0.1317928
200904305.jpg,5,39,49,199,148,0.191257
200904305.jpg,5,104,237,34,59,0.19391611
200904305.jpg,5,240,168,30,97,0.67496336
200904305.jpg,5,179,245,37,38,0.7806464
200904305.jpg,5,196,224,30,50,0.9061792
200904305.jpg,4,6,185,53,115,0.15461548
201109072.jpg,9,13,78,46,38,0.12511486
201109072.jpg,6,179,168,41,132,0.26165897
201109072.jpg,5,4,203,65,66,0.15522537
201109072.jpg,5,179,168,41,132,0.17862557
201109072.jpg,5,124,113,23,116,0.19307497
201109072.jpg,5,187,166,59,51,0.28224188
201109072.jpg,3,187,166,59,51,0.10146953
201311291.jpg,11,35,187,154,113,0.60615337
201311291.jpg,9,3,180,61,44,0.3169068
201311291.jpg,8,3,180,61,44,0.10342761
201311291.jpg,4,35,187,154,113,0.22920421
20130418.jpg,5,50,95,288,205,0.8193535
20130418.jpg,3,57,82,275,218,0.33688167
200905257.jpg,7,0,158,259,142,0.14438196
200905257.jpg,5,156,0,49,144,0.11583588
200905257.jpg,5,102,137,46,163,0.17485598
200905257.jpg,5,156,69,38,64,0.26313767
200905257.jpg,3,0,158,259,142,0.30687666
200905257.jpg,3,102,137,46,163,0.7349965
201705025.jpg,5,354,180,44,120,0.32128596
201705025.jpg,5,101,0,299,300,0.4403279
201705025.jpg,5,178,5,215,285,0.5929568
201705025.jpg,5,0,0,208,300,0.6996046
201705025.jpg,2,354,180,44,120,0.12483199
2017062614.jpg,5,51,89,280,155,0.34172067
2017062614.jpg,3,44,68,278,197,0.20237353
201101122.jpg,5,39,0,272,309,0.15453832
201101122.jpg,5,225,0,68,151,0.19699675
201101122.jpg,5,469,147,171,287,0.27441618
201101122.jpg,5,224,83,284,397,0.8535422
201101122.jpg,3,39,0,272,309,0.12075806
201101122.jpg,2,469,147,171,287,0.112009324
200809013.jpg,5,99,122,161,201,0.14372799
200809013.jpg,5,176,102,61,119,0.15950756
200809013.jpg,5,119,245,110,72,0.1663505
200809013.jpg,5,139,148,70,105,0.29237953
200809013.jpg,4,268,146,110,236,0.15611626
200809013.jpg,4,437,134,129,258,0.45559007
201401097.jpg,5,283,147,32,24,0.14312468
201401097.jpg,5,155,207,24,52,0.1697114
201401097.jpg,5,207,171,35,69,0.24038276
201401097.jpg,5,74,225,55,75,0.24992977
201401097.jpg,5,19,112,76,115,0.48279235
201401097.jpg,5,258,115,30,56,0.4901179
201401097.jpg,5,244,135,30,42,0.80530506
201401097.jpg,5,143,195,48,105,0.930034
201401097.jpg,3,80,236,45,53,0.10581116
201401097.jpg,3,283,147,32,24,0.49107346
2015043010.jpg,5,184,175,28,57,0.16884437
2011120221.jpg,5,503,211,116,149,0.117541105
2011120221.jpg,5,264,175,22,40,0.14576048
2011120221.jpg,5,287,180,62,65,0.26904207
2011120221.jpg,5,422,242,70,118,0.42807338
2012071116.jpg,11,0,61,242,171,0.27978432
2012071116.jpg,5,0,21,400,266,0.33181664
2012071116.jpg,5,4,18,254,280,0.39265797
2015071615.jpg,9,76,142,51,54,0.12764914
2015071615.jpg,9,202,119,31,23,0.17775786
2015071615.jpg,5,45,215,37,42,0.227574
2015071615.jpg,5,48,212,19,41,0.38892847
2015071615.jpg,3,45,215,37,42,0.121083245
2015071615.jpg,3,48,212,19,41,0.30469757
201306187.jpg,9,42,123,142,130,0.1454593
201306187.jpg,9,204,83,28,177,0.18812554
201306187.jpg,9,107,124,38,131,0.5717945
2010093021.jpg,5,67,175,53,113,0.2793499
201504203.jpg,13,123,97,146,203,0.102129415
201504203.jpg,11,123,97,146,203,0.16516966
201504203.jpg,8,123,97,146,203,0.44096503
201504203.jpg,5,123,97,146,203,0.15228818
201504203.jpg,5,136,66,39,96,0.90923333
20081130.jpg,5,183,194,41,85,0.42080286
201109232.jpg,9,329,136,70,75,0.1503747
201109232.jpg,6,329,136,70,75,0.11977175
201109232.jpg,5,71,132,48,168,0.24288423
201109232.jpg,5,141,150,74,150,0.4781467
201109232.jpg,5,0,165,216,135,0.52615154
201109232.jpg,5,240,70,41,50,0.58742183
201109232.jpg,5,168,118,71,182,0.77670866
201109232.jpg,3,0,0,148,170,0.10111435
201109232.jpg,3,244,98,55,156,0.21986152
20090407.jpg,9,99,50,130,82,0.101202294
20090407.jpg,9,124,139,95,152,0.27218384
20090407.jpg,9,99,61,129,198,0.46605667
20090407.jpg,7,124,139,95,152,0.18049565
20090407.jpg,6,147,76,53,42,0.12694232
201807303.jpg,4,151,142,183,79,0.14008066
201807303.jpg,1,186,125,124,110,0.10039886
2014062010.jpg,9,198,99,57,61,0.18725643
2014062010.jpg,5,198,99,57,61,0.11043933
2014062010.jpg,5,82,167,44,92,0.48579302
2014062010.jpg,3,193,72,53,111,0.4463893
2014062010.jpg,3,82,167,44,92,0.7687051
200905254.jpg,4,0,0,316,300,0.16464105
201504302.jpg,3,127,148,18,23,0.10826311
2010081114.jpg,13,24,180,62,119,0.15166152
2010081114.jpg,5,24,180,62,119,0.28331783
200811053.jpg,9,164,150,25,23,0.10182326
200811053.jpg,9,213,156,26,22,0.37535205
200811053.jpg,6,8,149,38,37,0.105476506
200811053.jpg,5,213,156,26,22,0.20915477
200811053.jpg,4,213,156,26,22,0.10810292
200909104.jpg,5,411,0,121,216,0.15166877
200909104.jpg,5,369,300,135,270,0.17881769
201607264.jpg,13,0,38,400,242,0.20095922
201607264.jpg,5,76,80,250,142,0.106906675
201607264.jpg,5,0,38,400,242,0.567019
201607264.jpg,3,0,38,400,242,0.74890554
2014062014.jpg,5,27,85,246,315,0.7863953
2014062014.jpg,3,50,95,207,206,0.14189866
2014062014.jpg,3,4,86,49,152,0.15865514
201703308.jpg,5,79,0,202,243,0.9584358
2018052216.jpg,9,0,158,325,142,0.138579
2018052216.jpg,9,318,240,63,60,0.18452604
2018052216.jpg,7,9,164,299,136,0.5730582
2018052216.jpg,5,9,164,299,136,0.1520721
2018052216.jpg,4,236,3,54,115,0.16579303
20100913.jpg,13,282,113,118,182,0.6059412
20100913.jpg,5,178,124,35,78,0.1862596
20100913.jpg,5,282,113,118,182,0.71740705
201709285.jpg,5,0,0,400,300,0.9357117
2008112325.jpg,13,0,10,62,105,0.13456453
2017033011.jpg,5,173,0,61,38,0.49330127
2017033011.jpg,5,133,20,86,198,0.8822472
201309161.jpg,9,194,73,36,50,0.14568312
201309161.jpg,5,167,65,38,211,0.10116008
201309161.jpg,5,149,101,66,141,0.24373986
201309161.jpg,5,194,73,36,50,0.28308347
201309161.jpg,3,194,73,36,50,0.28654426
200910276.jpg,5,665,291,125,309,0.49606234
200910276.jpg,3,548,479,32,33,0.100897975
200811265.jpg,5,325,113,30,37,0.14005509
200811265.jpg,5,303,40,43,59,0.15347527
200811265.jpg,5,262,0,44,33,0.15716723
200811265.jpg,5,309,232,31,43,0.1597227
200811265.jpg,5,255,16,62,77,0.20513782
200811265.jpg,5,196,416,53,78,0.25323632
200811265.jpg,5,315,52,26,58,0.32382146
200811265.jpg,3,259,366,68,49,0.10010366
200811265.jpg,3,262,0,44,33,0.15156738
200811265.jpg,3,309,232,31,43,0.16583245
200811265.jpg,3,325,113,30,37,0.36300868
200811265.jpg,2,191,442,57,37,0.19168481
200811265.jpg,2,269,297,44,27,0.30768642
200811265.jpg,2,323,120,36,74,0.3117071
201702083.jpg,6,165,87,132,82,0.18293343
201412111.jpg,9,322,134,40,26,0.15815757
201412111.jpg,5,49,41,60,110,0.8620727
2009041536.jpg,7,245,226,18,15,0.14112744
2009041536.jpg,3,245,226,18,15,0.42068717
201012081.jpg,7,153,229,28,16,0.27881387
201012081.jpg,5,153,229,28,16,0.11090921
201012081.jpg,5,76,231,19,17,0.11914643
201012081.jpg,5,261,211,24,25,0.13570723
201012081.jpg,5,310,223,34,17,0.17058033
201012081.jpg,5,206,207,68,36,0.19674218
201012081.jpg,3,261,211,24,25,0.19727322
201012081.jpg,3,365,238,30,21,0.20199719
201012081.jpg,3,310,223,34,17,0.21034321
201012081.jpg,3,75,229,20,23,0.37386087
201012081.jpg,3,153,229,28,16,0.45375988
2008113032.jpg,9,268,232,64,95,0.16719274
2008113032.jpg,5,110,158,135,322,0.34864783
2008113032.jpg,5,268,232,64,95,0.36806408
2008113032.jpg,5,144,216,66,91,0.5594368
201403319.jpg,9,125,266,39,34,0.10174849
201403319.jpg,3,126,265,36,24,0.10408638
201403319.jpg,3,55,252,16,20,0.12522686
201712278.jpg,5,114,182,34,30,0.13315377
201712278.jpg,5,193,159,41,33,0.32107162
201712278.jpg,5,226,139,32,36,0.39888155
201712278.jpg,3,158,161,19,22,0.16383913
201712278.jpg,3,114,178,30,33,0.17743368
20090608.jpg,9,216,123,66,50,0.24836601
20090608.jpg,9,108,122,63,52,0.32785317
20090608.jpg,5,107,122,61,52,0.36851504
20090608.jpg,5,220,103,55,99,0.45985195
20090608.jpg,3,211,106,61,90,0.20488971
201506047.jpg,9,77,85,114,35,0.13458614
201506047.jpg,9,64,49,58,83,0.21490833
201506047.jpg,9,52,58,100,42,0.3363427
201506047.jpg,9,151,57,55,45,0.35695764
201506047.jpg,9,105,90,72,69,0.37023163
201506047.jpg,9,133,84,44,122,0.61620694
201506047.jpg,9,228,28,60,145,0.6429393
201506047.jpg,5,228,28,60,145,0.17846233
201506047.jpg,5,151,57,55,45,0.34468833
2010082515.jpg,6,18,196,192,200,0.5985959
2010082515.jpg,5,484,25,96,112,0.1723522
2010082515.jpg,3,484,25,96,112,0.17701422
201804239.jpg,5,119,217,32,43,0.12804362
201411049.jpg,9,6,228,40,23,0.23450388
201411049.jpg,9,3,218,46,61,0.2772025
201411049.jpg,6,267,199,64,101,0.11354367
201411049.jpg,5,3,218,46,61,0.13060538
201411049.jpg,5,291,140,49,43,0.16342564
201411049.jpg,4,291,140,49,43,0.123077765
2017052515.jpg,5,230,217,47,44,0.29317355
2017062211.jpg,8,44,104,101,161,0.33309865
2017062211.jpg,5,44,104,101,161,0.17114791
2017062211.jpg,5,264,0,45,118,0.36440125
201406148.jpg,5,336,0,33,83,0.11862384
201406148.jpg,5,77,84,229,140,0.49522057
201406148.jpg,3,336,0,33,83,0.16001922
201406148.jpg,2,77,84,229,140,0.13909774
201306194.jpg,6,68,15,175,366,0.35334948
201306194.jpg,4,68,15,175,366,0.10357751
2018061113.jpg,5,3,78,395,222,0.70914024
2018061113.jpg,3,3,78,395,222,0.6389761
201506041.jpg,9,123,153,63,125,0.2570317
201506041.jpg,8,54,134,62,142,0.14074789
201506041.jpg,5,59,50,47,114,0.10669421
201506041.jpg,5,54,134,62,142,0.16253819
201506041.jpg,5,282,97,27,90,0.27536836
201311205.jpg,6,13,193,74,58,0.13753474
201204252.jpg,5,28,20,364,279,0.94697577
201005212.jpg,6,185,124,65,96,0.3702355
201005212.jpg,5,198,221,46,79,0.31910893
201005212.jpg,3,198,221,46,79,0.38629988
201706011.jpg,6,109,140,69,160,0.1098651
201706011.jpg,5,344,60,56,171,0.14499044
201706011.jpg,5,354,146,40,60,0.17116368
201706011.jpg,5,20,118,38,56,0.33800256
201506304.jpg,9,72,82,243,195,0.48454878
2018041811.jpg,9,26,80,289,138,0.20266153
2018041811.jpg,7,289,62,42,20,0.1611889
2018041811.jpg,7,132,100,71,107,0.28910208
2018041811.jpg,7,26,80,289,138,0.3988732
2018041811.jpg,5,291,42,42,81,0.10098796
2018041811.jpg,5,160,38,41,35,0.10302545
2018041811.jpg,5,245,85,69,106,0.16055076
2018041811.jpg,5,258,106,44,44,0.4408581
2018041811.jpg,5,113,63,56,30,0.6552781
2018041811.jpg,5,201,49,48,45,0.8517393
2018041811.jpg,3,289,62,42,20,0.1056085
2018041811.jpg,3,58,3,93,69,0.11484424
2018041811.jpg,3,26,80,289,138,0.12441329
2018041811.jpg,3,132,100,71,107,0.28320047
2018041811.jpg,3,291,42,42,81,0.31557733
2018041811.jpg,3,258,106,44,44,0.32935423
201407145.jpg,8,126,4,142,171,0.15181679
201407145.jpg,6,279,262,82,38,0.15548241
201407145.jpg,5,279,262,82,38,0.15460919
201407145.jpg,5,269,111,45,57,0.25914624
201407145.jpg,5,35,89,263,185,0.7707106
201407145.jpg,3,269,111,45,57,0.16962779
201407145.jpg,3,253,173,35,61,0.4027682
201106295.jpg,5,216,8,22,70,0.18615001
201106295.jpg,5,227,42,59,155,0.70711493
20100317.jpg,5,303,61,81,44,0.118597336
200812053.jpg,9,135,359,54,98,0.21472819
200812053.jpg,5,127,361,72,133,0.66132
200812053.jpg,3,120,373,87,73,0.19812578
200812053.jpg,3,126,343,81,170,0.2853558
201311292.jpg,9,99,150,37,18,0.107574075
201109226.jpg,9,360,166,38,47,0.1682313
201109226.jpg,9,120,115,91,29,0.29498914
201109226.jpg,9,71,175,46,62,0.48427814
201109226.jpg,5,71,175,46,62,0.4049843
201109226.jpg,5,62,151,64,116,0.6101334
201009093.jpg,9,323,223,48,32,0.12471531
201009093.jpg,9,94,252,28,16,0.14275885
201009093.jpg,9,146,197,27,18,0.2203529
201009093.jpg,9,261,191,21,19,0.25198892
201009093.jpg,9,120,232,18,16,0.26768664
201009093.jpg,7,95,248,27,14,0.100661986
201009093.jpg,5,126,191,17,20,0.10741898
201009093.jpg,5,202,172,25,73,0.10786269
201009093.jpg,5,146,197,27,18,0.14226975
201009093.jpg,5,228,193,29,59,0.14301318
201009093.jpg,5,205,212,22,22,0.20156576
201009093.jpg,5,323,223,48,32,0.20967276
201009093.jpg,5,154,220,21,21,0.21095012
201009093.jpg,5,118,233,22,21,0.22723138
201009093.jpg,5,85,245,42,27,0.26603556
201009093.jpg,5,256,183,34,48,0.2978095
201009093.jpg,5,174,208,16,19,0.33560568
201009093.jpg,5,147,193,37,52,0.33765674
201009093.jpg,5,257,151,31,114,0.37808412
201009093.jpg,5,102,172,32,71,0.445698
201009093.jpg,4,256,183,34,48,0.1391854
201009093.jpg,3,134,215,15,14,0.12470378
201009093.jpg,3,261,191,21,19,0.23247725
201009093.jpg,3,91,251,31,18,0.30275875
201009093.jpg,3,146,197,27,18,0.36631924
201009093.jpg,3,120,232,18,16,0.44851232
201009093.jpg,3,299,225,16,15,0.5379819
201009093.jpg,3,218,240,23,14,0.5644857
201009093.jpg,3,182,234,25,13,0.63176113
201605058.jpg,5,283,0,69,137,0.22415552
201605058.jpg,5,145,0,192,185,0.64033765
201702145.jpg,13,114,152,140,133,0.15477583
201702145.jpg,11,114,152,140,133,0.3541145
201702145.jpg,4,121,166,130,103,0.14265628
201109282.jpg,5,138,68,246,199,0.1086979
201109282.jpg,5,83,0,243,250,0.5819245
201109282.jpg,5,0,0,400,267,0.96409965
201109282.jpg,3,83,0,243,250,0.12716782
201109282.jpg,3,0,0,400,267,0.16930129
2010090219.jpg,5,43,182,14,23,0.110784434
2010090219.jpg,4,320,89,49,115,0.10245843
201702232.jpg,9,222,105,27,15,0.11519258
201702232.jpg,6,222,105,27,15,0.30994043
20111222.jpg,2,303,97,14,20,0.10066667
2010092424.jpg,8,109,128,39,86,0.24606532
2010092424.jpg,6,70,151,28,73,0.10303997
2010092424.jpg,5,109,128,39,86,0.2340282
2010092424.jpg,5,269,152,18,22,0.26853955
2010092424.jpg,4,109,143,34,53,0.14891705
2008111911.jpg,9,229,216,106,66,0.15902464
2008111911.jpg,5,80,292,101,77,0.11385554
2008111911.jpg,5,333,174,113,44,0.2733311
2008111911.jpg,3,333,174,113,44,0.3153454
2018081428.jpg,9,98,53,190,187,0.2135557
2018081428.jpg,5,130,67,123,175,0.18158789
2018081428.jpg,3,98,53,190,187,0.36709383
201704117.jpg,9,338,99,62,120,0.20067087
201704117.jpg,8,158,95,91,110,0.15526329
201704117.jpg,5,333,108,65,98,0.100176886
201704117.jpg,5,305,41,57,56,0.10810358
201704117.jpg,5,212,76,47,33,0.16173632
201603101.jpg,5,163,92,69,107,0.1632165
201603101.jpg,5,141,186,42,90,0.1676307
201603101.jpg,5,264,133,93,157,0.60184824
201603101.jpg,3,81,200,45,39,0.19505474
201603101.jpg,3,141,186,42,90,0.22151232
201603101.jpg,3,163,92,69,107,0.30619523
201407222.jpg,5,203,141,168,159,0.8426787
201706296.jpg,5,233,122,57,114,0.18224446
201706296.jpg,5,202,0,38,100,0.24424388
201706296.jpg,5,112,15,62,213,0.4638003
201706296.jpg,3,233,122,57,114,0.13478501
200812037.jpg,7,198,349,155,131,0.10456087
200812037.jpg,5,198,349,155,131,0.1613313
201702105.jpg,5,199,105,46,51,0.11776464
201702105.jpg,5,188,89,65,97,0.48217103
200808263.jpg,9,548,415,58,44,0.12713802
200808263.jpg,5,294,266,118,87,0.1200567
200808263.jpg,5,206,355,148,212,0.12525697
200808263.jpg,5,548,417,63,51,0.23839587
200808263.jpg,5,237,382,89,127,0.31890002
200808263.jpg,5,178,414,69,59,0.33737043
200808263.jpg,5,19,441,75,96,0.41222805
200808263.jpg,5,295,366,152,234,0.43437913
200808263.jpg,5,134,385,53,54,0.45318815
200808263.jpg,3,478,458,30,40,0.16896044
200808263.jpg,3,440,468,56,46,0.2053727
200808263.jpg,3,548,417,63,51,0.47346723
200808263.jpg,2,134,385,53,54,0.48356616
201608185.jpg,6,98,94,209,182,0.15481888
201608185.jpg,6,34,6,319,294,0.45883036
201608185.jpg,4,34,6,319,294,0.36113617
20100825.jpg,13,133,152,96,194,0.14935018
20100825.jpg,9,464,255,62,29,0.16528253
20100825.jpg,5,251,214,113,167,0.11403541
20100825.jpg,5,530,226,110,242,0.13845704
20100825.jpg,5,553,266,68,70,0.1482532
20100825.jpg,5,433,253,84,177,0.15831695
20100825.jpg,5,133,152,96,194,0.17312922
20100825.jpg,5,144,185,70,100,0.18677023
20100825.jpg,5,45,183,75,97,0.18910447
20100825.jpg,5,469,253,52,46,0.6205574
20100825.jpg,4,45,183,75,97,0.12187261
20100825.jpg,3,469,253,52,46,0.12541537
2011092213.jpg,5,0,0,53,299,0.13803276
2011092213.jpg,5,75,20,283,279,0.6813135
201701104.jpg,9,233,178,43,24,0.14167544
201701104.jpg,9,233,163,46,23,0.22585024
201701104.jpg,9,156,180,20,20,0.24518491
201701104.jpg,9,230,143,51,32,0.306283
201701104.jpg,9,121,194,58,77,0.60103947
201701104.jpg,5,230,143,51,32,0.13189532
201701104.jpg,5,349,154,51,139,0.23987253
201701104.jpg,5,131,187,42,89,0.2695057
201701104.jpg,5,290,140,81,160,0.34769753
201701104.jpg,4,103,179,37,60,0.11584541
20090706.jpg,7,206,384,43,36,0.2250281
20090706.jpg,5,439,437,92,86,0.1264432
20090706.jpg,5,422,402,116,185,0.5669737
20090706.jpg,3,399,405,58,68,0.19849806
20090706.jpg,3,206,384,43,36,0.6685879
20090706.jpg,2,173,348,24,42,0.103492886
20090706.jpg,2,164,330,31,55,0.37403274
2016112212.jpg,11,35,117,255,156,0.21394262
2016112212.jpg,8,100,110,139,185,0.43081182
2016112212.jpg,5,77,103,173,197,0.24696629
2016112212.jpg,5,196,0,46,89,0.4538334
2016112212.jpg,4,77,103,173,197,0.5246459
201805223.jpg,5,93,38,187,257,0.75501114
201805223.jpg,3,79,41,218,245,0.15969372
201101264.jpg,5,264,250,70,119,0.23846751
201101264.jpg,5,236,216,123,190,0.4787321
201101264.jpg,4,221,138,131,232,0.5127157
201404016.jpg,9,36,85,49,27,0.1104861
201404016.jpg,9,20,68,33,22,0.2024782
201403102.jpg,13,222,0,40,72,0.2871672
201403102.jpg,8,228,5,28,41,0.11341415
201403102.jpg,8,221,0,42,57,0.18308026
201403102.jpg,7,293,201,70,99,0.24005157
201403102.jpg,5,378,121,22,54,0.13994478
201403102.jpg,5,183,130,47,79,0.16666944
201403102.jpg,5,228,5,28,41,0.20861652
201403102.jpg,5,293,201,70,99,0.26667887
201403102.jpg,5,166,105,79,129,0.31644458
201403102.jpg,5,215,43,36,45,0.38709345
201403102.jpg,5,59,127,75,112,0.5087087
201403102.jpg,5,222,0,40,72,0.6729208
201403102.jpg,3,378,121,22,54,0.11817514
201403102.jpg,3,293,201,70,99,0.12740783
201403102.jpg,3,166,105,79,129,0.18086335
201403102.jpg,3,183,130,47,79,0.5734105
2014101610.jpg,13,30,0,353,300,0.16725217
2014101610.jpg,4,30,0,353,300,0.6779359
201404302.jpg,13,40,9,138,233,0.11303655
201404302.jpg,10,40,9,138,233,0.17516048
201404302.jpg,10,184,0,113,300,0.34960118
2009070322.jpg,6,59,179,47,60,0.16214357
2009070322.jpg,5,59,179,47,60,0.1433642
2009070322.jpg,2,347,190,25,21,0.10182386
2009070322.jpg,2,341,173,22,18,0.12646936
201103081.jpg,9,165,86,44,32,0.27318332
201103081.jpg,3,165,86,44,32,0.16341892
200811184.jpg,5,6,0,794,600,0.8620472
200811184.jpg,3,98,21,689,579,0.21353437
201608031.jpg,13,104,116,49,129,0.38669696
201608031.jpg,5,104,116,49,129,0.40998048
201608031.jpg,2,104,116,49,129,0.13489035
201412101.jpg,9,332,139,51,31,0.20347196
201412101.jpg,9,328,165,56,27,0.3405461
201412101.jpg,7,250,184,31,17,0.10734866
201412101.jpg,5,282,179,32,15,0.10293973
201412101.jpg,5,123,123,24,28,0.17302567
201412101.jpg,5,305,239,55,61,0.1758061
201412101.jpg,5,303,206,83,34,0.2299883
201412101.jpg,5,332,139,51,31,0.31861398
201412101.jpg,5,324,183,38,99,0.36664
201412101.jpg,5,119,153,19,22,0.36809292
201412101.jpg,5,324,173,62,21,0.37434122
201412101.jpg,5,181,262,54,31,0.4570161
201412101.jpg,4,5,119,25,33,0.14125527
201412101.jpg,3,166,157,24,23,0.12467998
201412101.jpg,3,240,201,26,18,0.14159182
201412101.jpg,3,220,222,29,18,0.15297389
201412101.jpg,3,324,173,62,21,0.15500398
201412101.jpg,3,261,168,30,19,0.17259641
201412101.jpg,3,123,123,24,28,0.1805596
201412101.jpg,3,250,184,31,17,0.18336788
201412101.jpg,3,181,262,54,31,0.19123219
201412101.jpg,3,303,206,83,34,0.21752182
201412101.jpg,3,194,167,23,20,0.239438
201412101.jpg,3,119,153,19,22,0.3255176
201412101.jpg,3,142,158,20,21,0.39758953
201412101.jpg,3,282,179,32,15,0.43490192
201404242.jpg,5,111,53,143,247,0.8846573
201404242.jpg,2,128,29,9,24,0.122855596
2011100715.jpg,11,132,57,136,243,0.13115026
2011100715.jpg,10,132,57,136,243,0.4345291
2011100715.jpg,5,123,93,52,118,0.14531901
201507161.jpg,9,79,159,38,26,0.16290858
201507161.jpg,8,82,150,34,37,0.16825423
201507161.jpg,8,68,178,51,48,0.31686246
201507161.jpg,6,253,226,26,25,0.37029245
201507161.jpg,5,253,226,26,25,0.122582875
201507161.jpg,3,253,226,26,25,0.123315535
201507161.jpg,3,250,189,20,17,0.14426899
201111186.jpg,9,143,143,27,19,0.16968061
201111186.jpg,9,135,41,26,22,0.34997427
201111186.jpg,9,120,144,77,38,0.7302007
201111186.jpg,5,120,144,77,38,0.16136485
201212041.jpg,4,37,0,281,300,0.48803887
201212041.jpg,1,37,0,281,300,0.1819444
201208061.jpg,6,275,173,105,127,0.103876404
201208061.jpg,3,102,191,21,17,0.13103583
2017053010.jpg,5,130,67,58,208,0.13303745
2017053010.jpg,5,55,96,208,142,0.13334347
2017053010.jpg,5,0,104,74,158,0.40681118
201308233.jpg,9,140,211,25,20,0.12770717
201308233.jpg,6,142,193,26,23,0.12200665
201308233.jpg,5,138,182,31,70,0.20675574
201308233.jpg,3,142,193,26,23,0.12250766
201008191.jpg,5,323,136,74,285,0.10054533
201008191.jpg,5,65,367,45,47,0.10207297
201008191.jpg,3,59,368,50,42,0.1806157
201507312.jpg,5,29,52,272,147,0.8656906
201508201.jpg,9,187,142,61,71,0.11857039
201508201.jpg,8,187,142,61,71,0.29669562
201508201.jpg,5,187,142,61,71,0.20923698
201305312.jpg,5,7,35,104,158,0.105899245
201305312.jpg,5,99,188,33,55,0.11196449
201305312.jpg,5,0,168,174,132,0.14166075
201305312.jpg,5,221,238,40,50,0.15231912
201305312.jpg,5,80,135,55,113,0.18058178
201305312.jpg,5,197,174,63,126,0.28872195
201305312.jpg,5,36,164,76,136,0.44668868
201305312.jpg,5,101,189,259,111,0.8184844
201305312.jpg,2,36,164,76,136,0.2362073
201308128.jpg,4,100,92,115,137,0.62573683
2011112926.jpg,3,155,145,39,43,0.17815198
2010091531.jpg,4,108,166,83,178,0.26573467
201805081.jpg,4,142,143,187,90,0.8185351
200901211.jpg,5,135,42,47,41,0.101309165
200901211.jpg,5,619,189,79,62,0.14665343
200901211.jpg,5,697,222,79,84,0.22942619
200901211.jpg,5,278,171,94,105,0.41338098
200901211.jpg,5,380,328,123,272,0.6584702
200901211.jpg,5,127,93,148,298,0.7229847
200901211.jpg,5,248,318,425,282,0.78515744
200901211.jpg,3,135,42,47,41,0.16787659
200901211.jpg,3,619,189,79,62,0.25417054
201006233.jpg,9,108,92,67,116,0.12892954
201008244.jpg,9,315,60,82,171,0.17316604
201008244.jpg,7,315,60,82,171,0.27729076
201008244.jpg,5,255,208,79,92,0.30970365
201008244.jpg,5,152,7,35,44,0.52366644
201008244.jpg,3,255,208,79,92,0.12580945
201008244.jpg,3,315,60,82,171,0.20228814
201008244.jpg,3,152,7,35,44,0.2790365
201011068.jpg,9,0,36,197,158,0.2769958
201011068.jpg,6,18,9,139,264,0.1210847
200905274.jpg,9,152,165,58,54,0.16818745
200905274.jpg,5,152,165,58,54,0.1752582
200905274.jpg,5,292,157,32,39,0.23758864
200905274.jpg,5,284,142,50,69,0.38332093
200905274.jpg,5,159,163,79,107,0.75681275
200905274.jpg,2,292,157,32,39,0.13725482
200905274.jpg,2,283,139,47,77,0.26044917
201404103.jpg,9,180,231,61,50,0.10095801
201404103.jpg,6,141,159,65,70,0.51279306
201404103.jpg,5,115,103,55,137,0.1977776
201404103.jpg,5,179,243,60,37,0.29937154
201404103.jpg,3,141,159,65,70,0.10478577
201306195.jpg,11,60,16,262,269,0.19373219
201306195.jpg,8,53,0,229,300,0.16135113
201306195.jpg,5,53,0,229,300,0.33309582
201306195.jpg,4,53,0,229,300,0.7764891
2009042912.jpg,9,330,196,66,104,0.10887113
2009042912.jpg,9,129,156,74,65,0.20973927
2009042912.jpg,9,163,119,51,40,0.2357333
2009042912.jpg,9,199,136,71,50,0.32494554
2009042912.jpg,9,215,169,50,108,0.68528974
2009042912.jpg,5,185,18,20,28,0.3148617
201605059.jpg,5,0,0,400,300,0.94547933
201605059.jpg,3,0,0,400,300,0.4656133
2009063010.jpg,9,191,58,62,51,0.6019933
2009063010.jpg,5,191,58,62,51,0.22886592
2009063010.jpg,3,191,58,62,51,0.124182686
201506301.jpg,8,268,57,94,125,0.113275886
201506301.jpg,7,0,91,363,155,0.6962398
201506301.jpg,5,197,0,76,77,0.115658864
201506301.jpg,5,304,3,82,34,0.1796858
201506301.jpg,5,38,0,100,125,0.26476583
201506301.jpg,3,0,91,363,155,0.643814
20121001.jpg,9,69,151,56,34,0.16248122
20121001.jpg,9,44,140,57,44,0.16385353
20121001.jpg,5,234,124,16,15,0.12936561
20121001.jpg,5,273,122,19,17,0.20287807
201803201.jpg,9,155,50,77,35,0.16438389
201803201.jpg,5,142,87,96,92,0.11671929
201803201.jpg,5,155,50,77,35,0.19587165
201803201.jpg,5,110,63,160,149,0.3402539
201506302.jpg,5,64,104,292,163,0.13896115
201506302.jpg,5,139,0,52,197,0.18496135
201506302.jpg,5,299,0,64,80,0.3198775
201506302.jpg,5,19,36,44,87,0.4096447
201506302.jpg,3,19,36,44,87,0.18358953
201506302.jpg,3,139,0,52,197,0.26515672
201506302.jpg,3,64,104,292,163,0.30074963
201807042.jpg,9,183,11,67,227,0.1297509
201807042.jpg,7,179,0,76,249,0.13589959
201807042.jpg,5,174,41,100,147,0.124222085
201807042.jpg,5,112,66,82,233,0.30562234
201807042.jpg,5,124,9,65,24,0.43190014
201807042.jpg,3,262,0,78,125,0.10147058
201807042.jpg,3,362,33,32,188,0.1062313
201807042.jpg,3,124,9,65,24,0.17332174
201807042.jpg,3,174,41,100,147,0.31725526
2015061619.jpg,11,36,60,326,188,0.1658699
2015061619.jpg,5,36,60,326,188,0.4147279
2015061619.jpg,4,36,60,326,188,0.3164897
2017052528.jpg,9,60,4,185,296,0.16067405
2017052528.jpg,5,223,99,79,188,0.12208763
2017052528.jpg,5,70,33,173,241,0.6943471
2008120633.jpg,5,235,358,31,26,0.29306495
2008120633.jpg,3,235,358,31,26,0.4948914
201401142.jpg,6,316,145,73,94,0.18989626
201103292.jpg,9,41,367,412,231,0.11321024
201103292.jpg,7,66,351,379,289,0.3820608
201103292.jpg,6,0,500,81,126,0.10543603
201103292.jpg,3,66,351,379,289,0.63921
201403197.jpg,13,0,0,397,300,0.42539528
201403197.jpg,5,354,0,32,40,0.19530153
201403197.jpg,5,152,85,40,125,0.8619361
201403197.jpg,4,13,0,369,300,0.54174465
201403197.jpg,3,151,101,45,105,0.2600662
201705231.jpg,5,161,172,61,59,0.10031045
201506262.jpg,8,176,101,84,188,0.106667854
201506262.jpg,6,252,129,87,96,0.103223845
201506262.jpg,5,87,191,32,64,0.58531725
201506262.jpg,5,82,210,49,31,0.5969558
201506262.jpg,5,182,122,75,169,0.7126846
201506262.jpg,4,182,122,75,169,0.17456931
201506262.jpg,3,82,210,49,31,0.19341527
200812025.jpg,10,156,163,40,52,0.1257109
200812025.jpg,9,301,181,40,59,0.10775418
200812025.jpg,9,123,114,25,19,0.25051934
200812025.jpg,7,211,156,27,16,0.12952672
200812025.jpg,5,181,105,13,20,0.11233386
200812025.jpg,5,33,213,32,47,0.11390374
200812025.jpg,5,156,163,40,52,0.14617029
200812025.jpg,5,301,181,40,59,0.41928405
200812025.jpg,5,291,154,58,106,0.54727757
200812025.jpg,5,343,197,38,55,0.79380196
200812025.jpg,3,122,252,28,19,0.1050845
200812025.jpg,3,211,156,27,16,0.11455361
200812025.jpg,3,123,114,25,19,0.5311098
20121019.jpg,4,212,97,151,190,0.14063178
20121019.jpg,4,149,38,232,262,0.18297406
201506012.jpg,5,379,171,19,23,0.19790454
201306112.jpg,9,175,24,89,30,0.10750829
201306112.jpg,9,136,158,89,35,0.115433894
201306112.jpg,9,235,60,78,33,0.20429419
201306112.jpg,5,171,25,103,40,0.11721324
201306112.jpg,5,0,170,157,122,0.15835918
201306112.jpg,5,235,60,78,33,0.16699116
201306112.jpg,5,32,139,64,161,0.4331783
2016071921.jpg,6,194,105,189,150,0.14918005
2016071921.jpg,6,31,13,333,276,0.5367281
2017042114.jpg,5,228,60,39,221,0.34962675
2017042114.jpg,5,172,58,152,220,0.8857935
2017042114.jpg,3,228,60,39,221,0.20761092
201405093.jpg,5,286,93,77,130,0.1755231
201405093.jpg,5,119,30,73,144,0.2838286
201405093.jpg,5,201,192,49,108,0.36626562
201405093.jpg,5,42,0,76,159,0.41550025
201405093.jpg,5,296,181,56,119,0.5209478
201405093.jpg,4,207,79,86,106,0.10407358
201405093.jpg,3,296,181,56,119,0.1032267
201608291.jpg,9,11,163,88,41,0.11552742
201608291.jpg,5,63,63,310,156,0.17930615
201608291.jpg,5,0,8,400,270,0.60335565
201608291.jpg,3,0,19,400,217,0.6652765
201604071.jpg,6,40,73,332,207,0.20282078
201604071.jpg,5,71,67,302,211,0.3037783
201604071.jpg,4,71,67,302,211,0.10278302
2009063011.jpg,3,210,129,50,108,0.11393677
2017062212.jpg,5,221,205,42,84,0.34320933
2017062212.jpg,3,221,205,42,84,0.34330887
20110923.jpg,9,109,74,191,149,0.16482604
20110923.jpg,9,100,0,265,291,0.7376761
20110923.jpg,5,12,0,88,300,0.742713
201807052.jpg,5,266,14,44,95,0.52563924
201807052.jpg,5,8,0,367,300,0.95896953
2017052531.jpg,5,302,51,57,68,0.10259558
2017052531.jpg,5,200,156,71,144,0.113213725
2017052531.jpg,5,91,214,24,21,0.119198985
2017052531.jpg,5,156,149,174,151,0.83634776
2017052531.jpg,3,89,208,30,35,0.46963036
2017052531.jpg,2,225,86,38,82,0.10446209
2017052531.jpg,2,192,124,20,45,0.33265856
2017052531.jpg,2,233,112,22,35,0.50128657
2008112334.jpg,9,184,327,34,29,0.13276574
2008112334.jpg,9,553,253,59,41,0.20598814
2008112334.jpg,9,182,390,35,34,0.2765108
2008112334.jpg,5,175,326,48,103,0.11410407
2008112334.jpg,5,469,301,29,53,0.124266386
201609303.jpg,11,0,62,400,191,0.1219993
201609303.jpg,9,0,62,400,191,0.15928786
201609303.jpg,9,58,76,240,143,0.2082583
201609291.jpg,11,0,0,400,300,0.29096726
201609291.jpg,5,98,64,169,223,0.46651235
201609291.jpg,4,1,0,399,292,0.11110754
201609291.jpg,4,0,0,400,300,0.56889707
201605124.jpg,9,46,0,317,300,0.35912707
201605124.jpg,7,111,194,92,106,0.37314403
201605124.jpg,3,111,194,92,106,0.18725914
201703301.jpg,5,0,0,400,300,0.9317524
20120920.jpg,5,0,0,350,300,0.735836
201209251.jpg,5,36,30,156,198,0.6502246
201209251.jpg,5,168,80,166,220,0.89452195
201507013.jpg,9,165,49,203,211,0.10512333
201507013.jpg,5,42,21,315,279,0.809793
201507013.jpg,3,0,22,400,278,0.21387865
201611161.jpg,11,102,142,188,99,0.120894805
201611161.jpg,8,102,142,188,99,0.6632313
201611161.jpg,4,102,142,188,99,0.34310445
201311201.jpg,9,0,271,116,28,0.19914198
201311201.jpg,5,0,271,116,28,0.1752563
201802262.jpg,13,121,114,123,159,0.103458956
201802262.jpg,8,119,104,128,194,0.10714531
201802262.jpg,6,9,245,53,51,0.21030435
201802262.jpg,5,233,192,75,96,0.10576777
201802262.jpg,5,302,187,34,44,0.10663131
201802262.jpg,5,249,210,47,62,0.19365115
201802262.jpg,5,9,245,53,51,0.22640918
201802262.jpg,4,94,245,45,47,0.23463865
201605128.jpg,5,153,168,76,108,0.31784698
201605128.jpg,3,153,168,76,108,0.61848855
201402262.jpg,8,105,134,129,118,0.100705296
201402262.jpg,6,170,122,24,15,0.12890247
201402262.jpg,5,18,183,64,114,0.21155316
201402262.jpg,5,354,148,17,17,0.37773398
201402262.jpg,3,354,148,17,17,0.23278658
201402262.jpg,3,18,183,64,114,0.28844157
201502261.jpg,9,56,0,328,300,0.17370102
201502261.jpg,5,28,12,361,288,0.15278774
201207093.jpg,7,86,132,91,34,0.14666834
201207093.jpg,5,86,132,91,34,0.18817511
201207093.jpg,5,88,132,76,80,0.37491995
201207093.jpg,5,0,124,129,233,0.8647074
201207093.jpg,5,113,118,126,282,0.96665406
2017080418.jpg,8,76,126,158,156,0.13325259
2017080418.jpg,5,24,88,74,249,0.18374594
2017080418.jpg,4,24,88,74,249,0.16832228
201609091.jpg,5,212,108,54,129,0.2274665
201306276.jpg,9,143,9,174,258,0.8481688
201204181.jpg,9,219,124,98,134,0.10546435
201204181.jpg,9,111,72,289,160,0.3048417
201204181.jpg,9,3,35,218,208,0.38373923
201204181.jpg,5,318,27,78,171,0.3014999
201708313.jpg,4,13,43,363,257,0.39617893
201706233.jpg,3,40,80,73,186,0.2021528
201706233.jpg,3,0,95,223,151,0.69801396
201707272.jpg,5,0,0,400,232,0.40591106
201209118.jpg,5,0,0,400,300,0.94242257
201209118.jpg,3,0,0,400,300,0.32411495
201109231.jpg,9,180,84,94,156,0.20351513
201109231.jpg,9,137,91,197,128,0.7493104
201510054.jpg,5,249,234,40,41,0.31884253
201805224.jpg,9,153,254,99,46,0.17299554
201805224.jpg,5,0,22,375,251,0.83198595
201805224.jpg,3,0,22,375,251,0.2583507
20080508.jpg,9,570,273,45,36,0.10236638
2010082513.jpg,8,389,13,86,103,0.10260139
2010082513.jpg,7,342,101,126,155,0.11864385
2010082513.jpg,3,342,101,126,155,0.16325963
201806015.jpg,10,97,52,121,248,0.11527713
201806015.jpg,5,128,16,44,57,0.25029492
201806015.jpg,5,97,52,121,248,0.3578209
201806015.jpg,3,97,52,121,248,0.11466377
201306273.jpg,9,94,97,67,139,0.10554975
201306273.jpg,9,150,113,149,111,0.10994517
201306273.jpg,9,58,93,294,150,0.18851028
201008163.jpg,9,40,204,82,38,0.11524302
201008163.jpg,9,298,97,42,52,0.1253931
201008163.jpg,9,229,74,40,30,0.2940478
201008163.jpg,9,172,141,70,71,0.6073233
201008163.jpg,5,263,125,49,54,0.2774878
201008163.jpg,5,172,141,70,71,0.35270926
201008163.jpg,5,298,97,42,52,0.47678712
201008163.jpg,3,229,74,40,30,0.11864473
200906306.jpg,9,138,140,21,17,0.3737996
200906306.jpg,5,121,131,21,19,0.14620982
200906306.jpg,5,63,137,17,13,0.1630087
200906306.jpg,5,205,145,22,22,0.35492522
200906306.jpg,4,62,134,17,15,0.113612704
200906306.jpg,4,138,140,21,17,0.1421377
200906306.jpg,3,138,140,21,17,0.109546766
201706227.jpg,6,216,107,85,87,0.18643415
201706227.jpg,3,175,163,17,17,0.12878034
